Product_Name,Type_of_product,Suggested_Price_SAR,Prediction_Details
WAYAKIT GreenTech Faith general purpose cleaner [700 mL],I1-General purpose cleaner,12.81,Predicción Volumétrica (18.30 SAR/L)
WAYAKIT GreenTech Faith general purpose cleaner [4 L],I1-General purpose cleaner,43.85,Predicción Volumétrica (10.96 SAR/L)
WAYAKIT GreenTech Faith general purpose cleaner [20 L],I1-General purpose cleaner,323.03,Predicción Volumétrica (16.15 SAR/L)
WAYAKIT GreenTech Faith general purpose cleaner [Box of 12 units 700 mL],I1-General purpose cleaner,76.48,Predicción Volumétrica (9.10 SAR/L)
WAYAKIT GreenTech Faith wood furniture cleaner [700 mL],I1-Wood furniture cleaner,12.81,Predicción Volumétrica (18.30 SAR/L)
WAYAKIT GreenTech Faith wood furniture cleaner [4 L],I1-Wood furniture cleaner,43.85,Predicción Volumétrica (10.96 SAR/L)
WAYAKIT GreenTech Faith wood furniture cleaner [20 L],I1-Wood furniture cleaner,323.03,Predicción Volumétrica (16.15 SAR/L)
WAYAKIT GreenTech Faith wood furniture cleaner [Box of 12 units 700 mL],I1-Wood furniture cleaner,76.48,Predicción Volumétrica (9.10 SAR/L)
WAYAKIT GreenTech Faith general hard floor cleaner [700 mL],I2-General hard floor cleaner,12.81,Predicción Volumétrica (18.30 SAR/L)
WAYAKIT GreenTech Faith general hard floor cleaner [4 L],I2-General hard floor cleaner,61.16,Predicción Volumétrica (15.29 SAR/L)
WAYAKIT GreenTech Faith general hard floor cleaner [20 L],I2-General hard floor cleaner,323.03,Predicción Volumétrica (16.15 SAR/L)
WAYAKIT GreenTech Faith general hard floor cleaner [Box of 12 units 700 mL],I2-General hard floor cleaner,76.48,Predicción Volumétrica (9.10 SAR/L)
WAYAKIT GreenTech Faith hardwood and laminate floor cleaner [700 mL],I2-Hardwood and laminate floor cleaner,12.81,Predicción Volumétrica (18.30 SAR/L)
WAYAKIT GreenTech Faith hardwood and laminate floor cleaner [4 L],I2-Hardwood and laminate floor cleaner,43.85,Predicción Volumétrica (10.96 SAR/L)
WAYAKIT GreenTech Faith hardwood and laminate floor cleaner [20 L],I2-Hardwood and laminate floor cleaner,323.03,Predicción Volumétrica (16.15 SAR/L)
WAYAKIT GreenTech Faith hardwood and laminate floor cleaner [Box of 12 units 700 mL],I2-Hardwood and laminate floor cleaner,76.48,Predicción Volumétrica (9.10 SAR/L)
WAYAKIT GreenTech Faith high performance carpet shampoo [700 mL],I3-High performance carpet shampoo,12.81,Predicción Volumétrica (18.30 SAR/L)
WAYAKIT GreenTech Faith high performance carpet shampoo [4 L],I3-High performance carpet shampoo,43.85,Predicción Volumétrica (10.96 SAR/L)
WAYAKIT GreenTech Faith high performance carpet shampoo [20 L],I3-High performance carpet shampoo,323.03,Predicción Volumétrica (16.15 SAR/L)
WAYAKIT GreenTech Faith high performance carpet shampoo [Box of 12 units 700 mL],I3-High performance carpet shampoo,76.48,Predicción Volumétrica (9.10 SAR/L)
WAYAKIT GreenTech Faith stain spot remover [700 mL],I3-Stain spot remover,12.81,Predicción Volumétrica (18.30 SAR/L)
WAYAKIT GreenTech Faith stain spot remover [4 L],I3-Stain spot remover,43.85,Predicción Volumétrica (10.96 SAR/L)
WAYAKIT GreenTech Faith stain spot remover [20 L],I3-Stain spot remover,323.03,Predicción Volumétrica (16.15 SAR/L)
WAYAKIT GreenTech Faith stain spot remover [Box of 12 units 700 mL],I3-Stain spot remover,76.48,Predicción Volumétrica (9.10 SAR/L)
WAYAKIT GreenTech Faith broad-spectrum cleaner and disinfectant for surfaces [700 mL],"I4-Broad-spectrum disinfectant for surfaces, shoe racks and storage areas",12.81,Predicción Volumétrica (18.30 SAR/L)
WAYAKIT GreenTech Faith broad-spectrum cleaner and disinfectant for surfaces [4 L],"I4-Broad-spectrum disinfectant for surfaces, shoe racks and storage areas",35.75,Predicción Volumétrica (8.94 SAR/L)
WAYAKIT GreenTech Faith broad-spectrum cleaner and disinfectant for surfaces [20 L],"I4-Broad-spectrum disinfectant for surfaces, shoe racks and storage areas",288.09,Predicción Volumétrica (14.40 SAR/L)
WAYAKIT GreenTech Faith broad-spectrum cleaner and disinfectant for surfaces [Pack of 20 wet rags],"I4-Broad-spectrum disinfectant for surfaces, shoe racks and storage areas",60.09,Predicción por Unidades (3.00 SAR/item)
WAYAKIT GreenTech Faith broad-spectrum cleaner and disinfectant for surfaces [Box of 12 units 700 mL],"I4-Broad-spectrum disinfectant for surfaces, shoe racks and storage areas",76.48,Predicción Volumétrica (9.10 SAR/L)
WAYAKIT GreenTech Faith air freshener [700 mL],I6-Restroom air freshener,12.81,Predicción Volumétrica (18.30 SAR/L)
WAYAKIT GreenTech Faith air freshener [4 L],I6-Restroom air freshener,43.85,Predicción Volumétrica (10.96 SAR/L)
WAYAKIT GreenTech Faith air freshener [20 L],I6-Restroom air freshener,323.03,Predicción Volumétrica (16.15 SAR/L)
WAYAKIT GreenTech Faith air freshener [Box of 12 units 700 mL],I6-Restroom air freshener,76.48,Predicción Volumétrica (9.10 SAR/L)
WAYAKIT GreenTech Faith shower and tile cleaner [700 mL],I6-Shower and tile cleaner,12.81,Predicción Volumétrica (18.30 SAR/L)
WAYAKIT GreenTech Faith shower and tile cleaner [4 L],I6-Shower and tile cleaner,43.85,Predicción Volumétrica (10.96 SAR/L)
WAYAKIT GreenTech Faith shower and tile cleaner [20 L],I6-Shower and tile cleaner,323.03,Predicción Volumétrica (16.15 SAR/L)
WAYAKIT GreenTech Faith shower and tile cleaner [Box of 12 units 700 mL],I6-Shower and tile cleaner,76.48,Predicción Volumétrica (9.10 SAR/L)
WAYAKIT GreenTech Faithstreak-free glass cleaner for large window areas [700 mL],I7-Streak-free glass cleaner for large window areas,12.81,Predicción Volumétrica (18.30 SAR/L)
WAYAKIT GreenTech Faithstreak-free glass cleaner for large window areas [4 L],I7-Streak-free glass cleaner for large window areas,43.85,Predicción Volumétrica (10.96 SAR/L)
WAYAKIT GreenTech Faithstreak-free glass cleaner for large window areas [20 L],I7-Streak-free glass cleaner for large window areas,323.03,Predicción Volumétrica (16.15 SAR/L)
WAYAKIT GreenTech Faithstreak-free glass cleaner for large window areas [Box of 12 units 700 mL],I7-Streak-free glass cleaner for large window areas,73.62,Predicción Volumétrica (8.76 SAR/L)
WAYAKIT GreenTech Faith degreaser for food service areas [700 mL],I8-Degreaser for food service areas,12.81,Predicción Volumétrica (18.30 SAR/L)
WAYAKIT GreenTech Faith degreaser for food service areas [4 L],I8-Degreaser for food service areas,43.85,Predicción Volumétrica (10.96 SAR/L)
WAYAKIT GreenTech Faith degreaser for food service areas [20 L],I8-Degreaser for food service areas,323.03,Predicción Volumétrica (16.15 SAR/L)
WAYAKIT GreenTech Faith degreaser for food service areas [Box of 12 units 700 mL],I8-Degreaser for food service areas,76.48,Predicción Volumétrica (9.10 SAR/L)
WAYAKIT GreenTech Faith grill cleaner [700 mL],I8-Grill cleaner,12.81,Predicción Volumétrica (18.30 SAR/L)
WAYAKIT GreenTech Faith grill cleaner [4 L],I8-Grill cleaner,43.85,Predicción Volumétrica (10.96 SAR/L)
WAYAKIT GreenTech Faith grill cleaner [20 L],I8-Grill cleaner,323.03,Predicción Volumétrica (16.15 SAR/L)
WAYAKIT GreenTech Faith grill cleaner [Box of 12 units 700 mL],I8-Grill cleaner,76.48,Predicción Volumétrica (9.10 SAR/L)
WAYAKIT GreenTech Faith oven and appliance cleaner [700 mL],I8-Oven and appliance cleaner,12.81,Predicción Volumétrica (18.30 SAR/L)
WAYAKIT GreenTech Faith oven and appliance cleaner [4 L],I8-Oven and appliance cleaner,43.85,Predicción Volumétrica (10.96 SAR/L)
WAYAKIT GreenTech Faith oven and appliance cleaner [20 L],I8-Oven and appliance cleaner,323.03,Predicción Volumétrica (16.15 SAR/L)
WAYAKIT GreenTech Faith oven and appliance cleaner [Box of 12 units 700 mL],I8-Oven and appliance cleaner,76.48,Predicción Volumétrica (9.10 SAR/L)
WAYAKIT GreenTech Faith food-safe surface sanitizer [700 mL],I8-Food-safe surface sanitizer,12.81,Predicción Volumétrica (18.30 SAR/L)
WAYAKIT GreenTech Faith food-safe surface sanitizer [4 L],I8-Food-safe surface sanitizer,43.85,Predicción Volumétrica (10.96 SAR/L)
WAYAKIT GreenTech Faith food-safe surface sanitizer [20 L],I8-Food-safe surface sanitizer,323.03,Predicción Volumétrica (16.15 SAR/L)
WAYAKIT GreenTech Faith food-safe surface sanitizer [Box of 12 units 700 mL],I8-Food-safe surface sanitizer,76.48,Predicción Volumétrica (9.10 SAR/L)
WAYAKIT GreenTech Faith air deodorizer [700 mL],I9-Air deodorizer,12.81,Predicción Volumétrica (18.30 SAR/L)
WAYAKIT GreenTech Faith air deodorizer [4 L],I9-Air deodorizer,43.85,Predicción Volumétrica (10.96 SAR/L)
WAYAKIT GreenTech Faith air deodorizer [20 L],I9-Air deodorizer,323.03,Predicción Volumétrica (16.15 SAR/L)
WAYAKIT GreenTech Faith air deodorizer [Box of 12 units 700 mL],I9-Air deodorizer,76.48,Predicción Volumétrica (9.10 SAR/L)
WAYAKIT GreenTech Faith HVAC system cleaner [700 mL],I13-HVAC system cleaner,12.81,Predicción Volumétrica (18.30 SAR/L)
WAYAKIT GreenTech Faith HVAC system cleaner [4 L],I13-HVAC system cleaner,43.85,Predicción Volumétrica (10.96 SAR/L)
WAYAKIT GreenTech Faith HVAC system cleaner [20 L],I13-HVAC system cleaner,323.03,Predicción Volumétrica (16.15 SAR/L)
WAYAKIT GreenTech Faith HVAC system cleaner [Box of 12 units 700 mL],I13-HVAC system cleaner,76.48,Predicción Volumétrica (9.10 SAR/L)
WAYAKIT GreenTech Aviation Leather cleaner [700 mL],A1-Leather cleaner,12.81,Predicción Volumétrica (18.30 SAR/L)
WAYAKIT GreenTech Aviation Leather cleaner [4 L],A1-Leather cleaner,43.85,Predicción Volumétrica (10.96 SAR/L)
WAYAKIT GreenTech Aviation Leather cleaner [20 L],A1-Leather cleaner,323.03,Predicción Volumétrica (16.15 SAR/L)
WAYAKIT GreenTech Aviation Leather cleaner [Box of 12 units 700 mL],A1-Leather cleaner,76.48,Predicción Volumétrica (9.10 SAR/L)
WAYAKIT GreenTech Aviation Leather conditioner [700 mL],A1-Leather conditioner,12.81,Predicción Volumétrica (18.30 SAR/L)
WAYAKIT GreenTech Aviation Leather conditioner [4 L],A1-Leather conditioner,43.85,Predicción Volumétrica (10.96 SAR/L)
WAYAKIT GreenTech Aviation Leather conditioner [20 L],A1-Leather conditioner,323.03,Predicción Volumétrica (16.15 SAR/L)
WAYAKIT GreenTech Aviation Leather conditioner [Box of 12 units 700 mL],A1-Leather conditioner,76.48,Predicción Volumétrica (9.10 SAR/L)
WAYAKIT GreenTech Aviation Deep cleaning and disinfecting wet rags [Pack of 20 wet rags],A1-Wet wipes for various cleaning purposes,60.09,Predicción por Unidades (3.00 SAR/item)
WAYAKIT GreenTech Aviation Turn around cleaning and disinfecting wet rags [Pack of 20 wet rags],A1-Wet wipes for various cleaning purposes,60.09,Predicción por Unidades (3.00 SAR/item)
WAYAKIT GreenTech Aviation Broad-spectrum disinfectant and cleaner for surfaces [700 mL],A2-Broad-spectrum disinfectant for surfaces,12.81,Predicción Volumétrica (18.30 SAR/L)
WAYAKIT GreenTech Aviation Broad-spectrum disinfectant and cleaner for surfaces [4 L],A2-Broad-spectrum disinfectant for surfaces,122.28,Predicción Volumétrica (30.57 SAR/L)
WAYAKIT GreenTech Aviation Broad-spectrum disinfectant and cleaner for surfaces [20 L],A2-Broad-spectrum disinfectant for surfaces,1007.37,Predicción Volumétrica (50.37 SAR/L)
WAYAKIT GreenTech Aviation Broad-spectrum disinfectant and cleaner for surfaces [Box of 12 units 700 mL],A2-Broad-spectrum disinfectant for surfaces,248.33,Predicción Volumétrica (29.56 SAR/L)
WAYAKIT GreenTech Aviation Streak-free window cleaner [700 mL],A3-Streak-free window cleaner,12.81,Predicción Volumétrica (18.30 SAR/L)
WAYAKIT GreenTech Aviation Streak-free window cleaner [4 L],A3-Streak-free window cleaner,43.85,Predicción Volumétrica (10.96 SAR/L)
WAYAKIT GreenTech Aviation Streak-free window cleaner [20 L],A3-Streak-free window cleaner,530.85,Predicción Volumétrica (26.54 SAR/L)
WAYAKIT GreenTech Aviation Streak-free window cleaner [Box of 12 units 700 mL],A3-Streak-free window cleaner,82.39,Predicción Volumétrica (9.81 SAR/L)
WAYAKIT GreenTech Aviation Cockpit glass cleaner [700 mL],A3-Cockpit glass cleaner,12.81,Predicción Volumétrica (18.30 SAR/L)
WAYAKIT GreenTech Aviation Cockpit glass cleaner [4 L],A3-Cockpit glass cleaner,46.1,Predicción Volumétrica (11.53 SAR/L)
WAYAKIT GreenTech Aviation Cockpit glass cleaner [20 L],A3-Cockpit glass cleaner,332.78,Predicción Volumétrica (16.64 SAR/L)
WAYAKIT GreenTech Aviation Cockpit glass cleaner [Box of 12 units 700 mL],A3-Cockpit glass cleaner,81.44,Predicción Volumétrica (9.70 SAR/L)
WAYAKIT GreenTech Aviation Mirror and plexiglass cleaner [700 mL],A3-Mirror and plexiglass cleaner,12.81,Predicción Volumétrica (18.30 SAR/L)
WAYAKIT GreenTech Aviation Mirror and plexiglass cleaner [4 L],A3-Mirror and plexiglass cleaner,52.27,Predicción Volumétrica (13.07 SAR/L)
WAYAKIT GreenTech Aviation Mirror and plexiglass cleaner [20 L],A3-Mirror and plexiglass cleaner,594.88,Predicción Volumétrica (29.74 SAR/L)
WAYAKIT GreenTech Aviation Mirror and plexiglass cleaner [Box of 12 units 700 mL],A3-Mirror and plexiglass cleaner,94.24,Predicción Volumétrica (11.22 SAR/L)
WAYAKIT GreenTech Aviation Lavatory disinfectant [700 mL],A4-Lavatory disinfectant,12.81,Predicción Volumétrica (18.30 SAR/L)
WAYAKIT GreenTech Aviation Lavatory disinfectant [4 L],A4-Lavatory disinfectant,43.85,Predicción Volumétrica (10.96 SAR/L)
WAYAKIT GreenTech Aviation Lavatory disinfectant [20 L],A4-Lavatory disinfectant,323.03,Predicción Volumétrica (16.15 SAR/L)
WAYAKIT GreenTech Aviation Lavatory disinfectant [Box of 12 units 700 mL],A4-Lavatory disinfectant,76.48,Predicción Volumétrica (9.10 SAR/L)
WAYAKIT GreenTech Aviation Food-safe surface cleaner [700 mL],A5-Food-safe surface cleaner,12.81,Predicción Volumétrica (18.30 SAR/L)
WAYAKIT GreenTech Aviation Food-safe surface cleaner [4 L],A5-Food-safe surface cleaner,218.29,Predicción Volumétrica (54.57 SAR/L)
WAYAKIT GreenTech Aviation Food-safe surface cleaner [20 L],A5-Food-safe surface cleaner,1203.01,Predicción Volumétrica (60.15 SAR/L)
WAYAKIT GreenTech Aviation Food-safe surface cleaner [Box of 12 units 700 mL],A5-Food-safe surface cleaner,446.83,Predicción Volumétrica (53.19 SAR/L)
WAYAKIT GreenTech Aviation Non-slip floor cleaner [700 mL],A6-Non-slip floor cleaner,12.81,Predicción Volumétrica (18.30 SAR/L)
WAYAKIT GreenTech Aviation Non-slip floor cleaner [4 L],A6-Non-slip floor cleaner,43.85,Predicción Volumétrica (10.96 SAR/L)
WAYAKIT GreenTech Aviation Non-slip floor cleaner [20 L],A6-Non-slip floor cleaner,323.03,Predicción Volumétrica (16.15 SAR/L)
WAYAKIT GreenTech Aviation Non-slip floor cleaner [Box of 12 units 700 mL],A6-Non-slip floor cleaner,76.48,Predicción Volumétrica (9.10 SAR/L)
WAYAKIT GreenTech Aviation Aircraft carpet spot remover [700 mL],A6-Aircraft carpet spot remover,12.81,Predicción Volumétrica (18.30 SAR/L)
WAYAKIT GreenTech Aviation Aircraft carpet spot remover [4 L],A6-Aircraft carpet spot remover,43.85,Predicción Volumétrica (10.96 SAR/L)
WAYAKIT GreenTech Aviation Aircraft carpet spot remover [20 L],A6-Aircraft carpet spot remover,323.03,Predicción Volumétrica (16.15 SAR/L)
WAYAKIT GreenTech Aviation Aircraft carpet spot remover [Box of 12 units 700 mL],A6-Aircraft carpet spot remover,76.48,Predicción Volumétrica (9.10 SAR/L)
WAYAKIT GreenTech Aviation Insect and soil remover [700 mL],A7-Insect and soil remover,12.81,Predicción Volumétrica (18.30 SAR/L)
WAYAKIT GreenTech Aviation Insect and soil remover [4 L],A7-Insect and soil remover,58.66,Predicción Volumétrica (14.66 SAR/L)
WAYAKIT GreenTech Aviation Insect and soil remover [20 L],A7-Insect and soil remover,391.82,Predicción Volumétrica (19.59 SAR/L)
WAYAKIT GreenTech Aviation Insect and soil remover [Box of 12 units 700 mL],A7-Insect and soil remover,107.49,Predicción Volumétrica (12.80 SAR/L)
WAYAKIT GreenTech Home all purpose cleaner [700 mL],H1-All purpose cleaner,16.61,Predicción Volumétrica (23.73 SAR/L)
WAYAKIT GreenTech Home all purpose cleaner [4 L],H1-All purpose cleaner,43.9,Predicción Volumétrica (10.97 SAR/L)
WAYAKIT GreenTech Home all purpose cleaner [1 L refill],H1-All purpose cleaner,44.07,Predicción Volumétrica (44.07 SAR/L)
WAYAKIT GreenTech Home glass cleaner [700 mL],H2-Glass cleaner,13.24,Predicción Volumétrica (18.91 SAR/L)
WAYAKIT GreenTech Home glass cleaner [4 L],H2-Glass cleaner,30.36,Predicción Volumétrica (7.59 SAR/L)
WAYAKIT GreenTech Home glass cleaner [1 L refill],H2-Glass cleaner,25.86,Predicción Volumétrica (25.86 SAR/L)
WAYAKIT GreenTech Home kitchen degreaser [700 mL],H3-Kitchen degreaser,12.96,Predicción Volumétrica (18.52 SAR/L)
WAYAKIT GreenTech Home kitchen degreaser [4 L],H3-Kitchen degreaser,43.85,Predicción Volumétrica (10.96 SAR/L)
WAYAKIT GreenTech Home kitchen degreaser [1 L refill],H3-Kitchen degreaser,21.21,Predicción Volumétrica (21.21 SAR/L)
WAYAKIT GreenTech Home oven and grill cleaner [700 mL],H3-Oven and grill cleaner,26.92,Predicción Volumétrica (38.45 SAR/L)
WAYAKIT GreenTech Home oven and grill cleaner [4 L],H3-Oven and grill cleaner,43.85,Predicción Volumétrica (10.96 SAR/L)
WAYAKIT GreenTech Home oven and grill cleaner [1 L refill],H3-Oven and grill cleaner,36.32,Predicción Volumétrica (36.32 SAR/L)
WAYAKIT GreenTech Home stainless steel cleaner [700 mL],H3-Stainless steel cleaner,12.81,Predicción Volumétrica (18.30 SAR/L)
WAYAKIT GreenTech Home stainless steel cleaner [4 L],H3-Stainless steel cleaner,43.85,Predicción Volumétrica (10.96 SAR/L)
WAYAKIT GreenTech Home stainless steel cleaner [1 L refill],H3-Stainless steel cleaner,24.02,Predicción Volumétrica (24.02 SAR/L)
WAYAKIT GreenTech Home sanitizer for vegetable and salad cleaner [700 mL],H3-General sanitizer for vegetable and salad washing,62.84,Predicción Volumétrica (89.78 SAR/L)
WAYAKIT GreenTech Home toilet bowl cleaner [700 mL],H4-Toilet bowl cleaner,14.54,Predicción Volumétrica (20.77 SAR/L)
WAYAKIT GreenTech Home toilet bowl cleaner [4 L],H4-Toilet bowl cleaner,43.85,Predicción Volumétrica (10.96 SAR/L)
WAYAKIT GreenTech Home toilet bowl cleaner [1 L refill],H4-Toilet bowl cleaner,23.6,Predicción Volumétrica (23.60 SAR/L)
WAYAKIT GreenTech Home shower and tub cleaner [700 mL],H4-Shower and tub cleaner,12.86,Predicción Volumétrica (18.37 SAR/L)
WAYAKIT GreenTech Home shower and tub cleaner [4 L],H4-Shower and tub cleaner,43.85,Predicción Volumétrica (10.96 SAR/L)
WAYAKIT GreenTech Home shower and tub cleaner [1 L refill],H4-Shower and tub cleaner,24.02,Predicción Volumétrica (24.02 SAR/L)
WAYAKIT GreenTech Home shower and tub cleaner [20 L],H4-Shower and tub cleaner,323.03,Predicción Volumétrica (16.15 SAR/L)
WAYAKIT GreenTech Home mold and mildew cleaner [700 mL],H4-Mold and mildew remover,12.81,Predicción Volumétrica (18.30 SAR/L)
WAYAKIT GreenTech Home mold and mildew cleaner [4 L],H4-Mold and mildew remover,43.85,Predicción Volumétrica (10.96 SAR/L)
WAYAKIT GreenTech Home mold and mildew cleaner [1 L refill],H4-Mold and mildew remover,24.02,Predicción Volumétrica (24.02 SAR/L)
WAYAKIT GreenTech Home mold and mildew cleaner [20 L],H4-Mold and mildew remover,323.03,Predicción Volumétrica (16.15 SAR/L)
WAYAKIT GreenTech Home tile and grout cleaner [700 mL],H4-Tile and grout cleaner,12.81,Predicción Volumétrica (18.30 SAR/L)
WAYAKIT GreenTech Home tile and grout cleaner [4 L],H4-Tile and grout cleaner,43.85,Predicción Volumétrica (10.96 SAR/L)
WAYAKIT GreenTech Home tile and grout cleaner [1 L refill],H4-Tile and grout cleaner,24.02,Predicción Volumétrica (24.02 SAR/L)
WAYAKIT GreenTech Home floor cleaner [700 mL],H5-Hardwood floor cleaner,46.13,Predicción Volumétrica (65.90 SAR/L)
WAYAKIT GreenTech Home floor cleaner [4 L],H5-Hardwood floor cleaner,75.99,Predicción Volumétrica (19.00 SAR/L)
WAYAKIT GreenTech Home floor cleaner [1 L refill],H5-Hardwood floor cleaner,90.59,Predicción Volumétrica (90.59 SAR/L)
WAYAKIT GreenTech Home tile and laminate cleaner [700 mL],H5-Tile and laminate cleaner,17.51,Predicción Volumétrica (25.01 SAR/L)
WAYAKIT GreenTech Home tile and laminate cleaner [4 L],H5-Tile and laminate cleaner,69.05,Predicción Volumétrica (17.26 SAR/L)
WAYAKIT GreenTech Home tile and laminate cleaner [1 L refill],H5-Tile and laminate cleaner,45.21,Predicción Volumétrica (45.21 SAR/L)
WAYAKIT GreenTech Home tile and laminate cleaner [20 L],H5-Tile and laminate cleaner,323.03,Predicción Volumétrica (16.15 SAR/L)
WAYAKIT GreenTech Home wax and floor polish [700 mL],H5-Wax and floor polish,12.81,Predicción Volumétrica (18.30 SAR/L)
WAYAKIT GreenTech Home wax and floor polish [4 L],H5-Wax and floor polish,43.85,Predicción Volumétrica (10.96 SAR/L)
WAYAKIT GreenTech Home wax and floor polish [1 L refill],H5-Wax and floor polish,24.02,Predicción Volumétrica (24.02 SAR/L)
WAYAKIT GreenTech Home marble cleaner [700 mL],H5-Marble cleaner,40.98,Predicción Volumétrica (58.54 SAR/L)
WAYAKIT GreenTech Home marble cleaner [4 L],H5-Marble cleaner,43.85,Predicción Volumétrica (10.96 SAR/L)
WAYAKIT GreenTech Home marble cleaner [1 L refill],H5-Marble cleaner,61.23,Predicción Volumétrica (61.23 SAR/L)
WAYAKIT GreenTech Home wood polish for furniture [700 mL],H6-Wood polish for furniture,12.81,Predicción Volumétrica (18.30 SAR/L)
WAYAKIT GreenTech Home wood polish for furniture [4 L],H6-Wood polish for furniture,43.85,Predicción Volumétrica (10.96 SAR/L)
WAYAKIT GreenTech Home wood polish for furniture [1 L refill],H6-Wood polish for furniture,24.02,Predicción Volumétrica (24.02 SAR/L)
WAYAKIT GreenTech Home leather cleaner [700 mL],H6-Leather cleaner,14.69,Predicción Volumétrica (20.99 SAR/L)
WAYAKIT GreenTech Home leather cleaner [4 L],H6-Leather cleaner,43.85,Predicción Volumétrica (10.96 SAR/L)
WAYAKIT GreenTech Home leather cleaner [1 L refill],H6-Leather cleaner,25.35,Predicción Volumétrica (25.35 SAR/L)
WAYAKIT GreenTech Home carpet shampoo [700 mL],H7-Carpet shampoo,30.08,Predicción Volumétrica (42.97 SAR/L)
WAYAKIT GreenTech Home carpet shampoo [4 L],H7-Carpet shampoo,54.38,Predicción Volumétrica (13.59 SAR/L)
WAYAKIT GreenTech Home carpet shampoo [1 L refill],H7-Carpet shampoo,42.2,Predicción Volumétrica (42.20 SAR/L)
WAYAKIT GreenTech Home spot remover for carpets [700 mL],H7-Spot remover for carpets,27.36,Predicción Volumétrica (39.09 SAR/L)
WAYAKIT GreenTech Home spot remover for carpets [4 L],H7-Spot remover for carpets,43.85,Predicción Volumétrica (10.96 SAR/L)
WAYAKIT GreenTech Home spot remover for carpets [1 L refill],H7-Spot remover for carpets,32.73,Predicción Volumétrica (32.73 SAR/L)
WAYAKIT GreenTech Home furniture fabric freshener [700 mL],H7-Fabric freshener for furnitures,12.87,Predicción Volumétrica (18.39 SAR/L)
WAYAKIT GreenTech Home furniture fabric freshener [4 L],H7-Fabric freshener for furnitures,43.85,Predicción Volumétrica (10.96 SAR/L)
WAYAKIT GreenTech Home furniture fabric freshener [1 L refill],H7-Fabric freshener for furnitures,24.02,Predicción Volumétrica (24.02 SAR/L)
WAYAKIT GreenTech Home surface cleaner and disinfectant [700 mL],H8-Surface disinfectant spray,12.84,Predicción Volumétrica (18.35 SAR/L)
WAYAKIT GreenTech Home surface cleaner and disinfectant [4 L],H8-Surface disinfectant spray,43.85,Predicción Volumétrica (10.96 SAR/L)
WAYAKIT GreenTech Home surface cleaner and disinfectant [20 mL],H8-Surface disinfectant spray,1.17,Predicción Volumétrica (58.51 SAR/L)
WAYAKIT GreenTech Home surface cleaner and disinfectant [1 L refill],H8-Surface disinfectant spray,24.26,Predicción Volumétrica (24.26 SAR/L)
WAYAKIT GreenTech Home wet microfiber rags [20 units],H8-Disinfectant wipes,60.1,Predicción por Unidades (3.01 SAR/item)
WAYAKIT GreenTech Home laundry spray (stain and smell remover on the go) [20 mL],H9-Stain remover on the go,1.48,Predicción Volumétrica (74.01 SAR/L)
WAYAKIT GreenTech Home air freshener [700 mL],H11-Aerosol air freshener,12.81,Predicción Volumétrica (18.30 SAR/L)
WAYAKIT GreenTech Home air freshener [4 L],H11-Aerosol air freshener,43.85,Predicción Volumétrica (10.96 SAR/L)
WAYAKIT GreenTech Home Odor neutralizer spray [700 mL],H11-Odor neutralizing spray,12.81,Predicción Volumétrica (18.30 SAR/L)
WAYAKIT GreenTech Home Odor neutralizer spray [4 L],H11-Odor neutralizing spray,82.94,Predicción Volumétrica (20.73 SAR/L)
WAYAKIT GreenTech Facilities Management general purpose cleaner [700 mL],F1-FM general purpose cleaner,12.81,Predicción Volumétrica (18.30 SAR/L)
WAYAKIT GreenTech Facilities Management general purpose cleaner [4 L],F1-FM general purpose cleaner,43.85,Predicción Volumétrica (10.96 SAR/L)
WAYAKIT GreenTech Facilities Management general purpose cleaner [20 L],F1-FM general purpose cleaner,323.03,Predicción Volumétrica (16.15 SAR/L)
WAYAKIT GreenTech Facilities Management general purpose cleaner [Box of 12 units 700 mL],F1-FM general purpose cleaner,76.48,Predicción Volumétrica (9.10 SAR/L)
WAYAKIT GreenTech Facilities Management wood furniture cleaner [700 mL],F1-FM wood furniture cleaner,12.81,Predicción Volumétrica (18.30 SAR/L)
WAYAKIT GreenTech Facilities Management wood furniture cleaner [4 L],F1-FM wood furniture cleaner,43.85,Predicción Volumétrica (10.96 SAR/L)
WAYAKIT GreenTech Facilities Management wood furniture cleaner [20 L],F1-FM wood furniture cleaner,323.03,Predicción Volumétrica (16.15 SAR/L)
WAYAKIT GreenTech Facilities Management wood furniture cleaner [Box of 12 units 700 mL],F1-FM wood furniture cleaner,76.48,Predicción Volumétrica (9.10 SAR/L)
WAYAKIT GreenTech Facilities Management general hard floor cleaner  [700 mL],F2-FM general hard floor cleaner,12.81,Predicción Volumétrica (18.30 SAR/L)
WAYAKIT GreenTech Facilities Management general hard floor cleaner  [4 L],F2-FM general hard floor cleaner,36.83,Predicción Volumétrica (9.21 SAR/L)
WAYAKIT GreenTech Facilities Management general hard floor cleaner  [20 L],F2-FM general hard floor cleaner,323.03,Predicción Volumétrica (16.15 SAR/L)
WAYAKIT GreenTech Facilities Management general hard floor cleaner  [Box of 12 units 700 mL],F2-FM general hard floor cleaner,76.48,Predicción Volumétrica (9.10 SAR/L)
WAYAKIT GreenTech Facilities Management high performance carpet shampoo [700 mL],F2-FM high performance carpet shampoo,12.81,Predicción Volumétrica (18.30 SAR/L)
WAYAKIT GreenTech Facilities Management high performance carpet shampoo [4 L],F2-FM high performance carpet shampoo,43.85,Predicción Volumétrica (10.96 SAR/L)
WAYAKIT GreenTech Facilities Management high performance carpet shampoo [20 L],F2-FM high performance carpet shampoo,323.03,Predicción Volumétrica (16.15 SAR/L)
WAYAKIT GreenTech Facilities Management high performance carpet shampoo [Box of 12 units 700 mL],F2-FM high performance carpet shampoo,76.48,Predicción Volumétrica (9.10 SAR/L)
WAYAKIT GreenTech Facilities Management stain spot remover [700 mL],F2-FM stain spot remover,12.81,Predicción Volumétrica (18.30 SAR/L)
WAYAKIT GreenTech Facilities Management stain spot remover [4 L],F2-FM stain spot remover,43.85,Predicción Volumétrica (10.96 SAR/L)
WAYAKIT GreenTech Facilities Management stain spot remover [20 L],F2-FM stain spot remover,323.03,Predicción Volumétrica (16.15 SAR/L)
WAYAKIT GreenTech Facilities Management stain spot remover [Box of 12 units 700 mL],F2-FM stain spot remover,76.92,Predicción Volumétrica (9.16 SAR/L)
WAYAKIT GreenTech Facilities Management stain spot remover [100 mL],F2-FM stain spot remover,76.92,Predicción Volumétrica (9.16 SAR/L)
WAYAKIT GreenTech Facilities Management hardwood and laminate floor cleaner [700 mL],F2-FM hardwood and laminate floor cleaner,12.81,Predicción Volumétrica (18.30 SAR/L)
WAYAKIT GreenTech Facilities Management hardwood and laminate floor cleaner [4 L],F2-FM hardwood and laminate floor cleaner,43.85,Predicción Volumétrica (10.96 SAR/L)
WAYAKIT GreenTech Facilities Management hardwood and laminate floor cleaner [20 L],F2-FM hardwood and laminate floor cleaner,323.03,Predicción Volumétrica (16.15 SAR/L)
WAYAKIT GreenTech Facilities Management hardwood and laminate floor cleaner [Box of 12 units 700 mL],F2-FM hardwood and laminate floor cleaner,76.48,Predicción Volumétrica (9.10 SAR/L)
WAYAKIT GreenTech Facilities Management broad-spectrum disinfectant for surfaces and touchpoints [700 mL],F3-FM broad-spectrum disinfectant for surfaces and touchpoints,12.81,Predicción Volumétrica (18.30 SAR/L)
WAYAKIT GreenTech Facilities Management broad-spectrum disinfectant for surfaces and touchpoints [4 L],F3-FM broad-spectrum disinfectant for surfaces and touchpoints,31.55,Predicción Volumétrica (7.89 SAR/L)
WAYAKIT GreenTech Facilities Management broad-spectrum disinfectant for surfaces and touchpoints [20 L],F3-FM broad-spectrum disinfectant for surfaces and touchpoints,285.22,Predicción Volumétrica (14.26 SAR/L)
WAYAKIT GreenTech Facilities Management broad-spectrum disinfectant for surfaces and touchpoints [Box of 12 units 700 mL],F3-FM broad-spectrum disinfectant for surfaces and touchpoints,76.48,Predicción Volumétrica (9.10 SAR/L)
WAYAKIT GreenTech Facilities Management Concentrated broad-spectrum disinfectant for surfaces and touchpoints [700 mL],F3-FM broad-spectrum disinfectant for surfaces and touchpoints,12.81,Predicción Volumétrica (18.30 SAR/L)
WAYAKIT GreenTech Facilities Management Concentrated broad-spectrum disinfectant for surfaces and touchpoints [4 L],F3-FM broad-spectrum disinfectant for surfaces and touchpoints,31.55,Predicción Volumétrica (7.89 SAR/L)
WAYAKIT GreenTech Facilities Management Concentrated broad-spectrum disinfectant for surfaces and touchpoints [20 L],F3-FM broad-spectrum disinfectant for surfaces and touchpoints,285.22,Predicción Volumétrica (14.26 SAR/L)
WAYAKIT GreenTech Facilities Management Concentrated broad-spectrum disinfectant for surfaces and touchpoints [Box of 12 units 700 mL],F3-FM broad-spectrum disinfectant for surfaces and touchpoints,76.48,Predicción Volumétrica (9.10 SAR/L)
WAYAKIT GreenTech Facilities Management restroom air freshener [700 mL],F4-FM restroom air freshener,12.81,Predicción Volumétrica (18.30 SAR/L)
WAYAKIT GreenTech Facilities Management restroom air freshener [4 L],F4-FM restroom air freshener,43.85,Predicción Volumétrica (10.96 SAR/L)
WAYAKIT GreenTech Facilities Management restroom air freshener [20 L],F4-FM restroom air freshener,323.03,Predicción Volumétrica (16.15 SAR/L)
WAYAKIT GreenTech Facilities Management restroom air freshener [Box of 12 units 700 mL],F4-FM restroom air freshener,76.48,Predicción Volumétrica (9.10 SAR/L)
WAYAKIT GreenTech Facilities Management shower and tile cleaner [700 mL],F4-FM shower and tile cleaner,12.81,Predicción Volumétrica (18.30 SAR/L)
WAYAKIT GreenTech Facilities Management shower and tile cleaner [4 L],F4-FM shower and tile cleaner,43.85,Predicción Volumétrica (10.96 SAR/L)
WAYAKIT GreenTech Facilities Management shower and tile cleaner [20 L],F4-FM shower and tile cleaner,323.03,Predicción Volumétrica (16.15 SAR/L)
WAYAKIT GreenTech Facilities Management shower and tile cleaner [Box of 12 units 700 mL],F4-FM shower and tile cleaner,76.48,Predicción Volumétrica (9.10 SAR/L)
WAYAKIT GreenTech Facilities Management streak-free glass cleaner for large window areas [700 mL],F5-FM streak-free glass cleaner for large window areas,13.07,Predicción Volumétrica (18.68 SAR/L)
WAYAKIT GreenTech Facilities Management streak-free glass cleaner for large window areas [4 L],F5-FM streak-free glass cleaner for large window areas,43.85,Predicción Volumétrica (10.96 SAR/L)
WAYAKIT GreenTech Facilities Management streak-free glass cleaner for large window areas [20 L],F5-FM streak-free glass cleaner for large window areas,323.03,Predicción Volumétrica (16.15 SAR/L)
WAYAKIT GreenTech Facilities Management streak-free glass cleaner for large window areas [Box of 12 units 700 mL],F5-FM streak-free glass cleaner for large window areas,75.38,Predicción Volumétrica (8.97 SAR/L)
WAYAKIT GreenTech Facilities Management degreaser for food service areas [700 mL],F6-FM degreaser for food service areas,12.81,Predicción Volumétrica (18.30 SAR/L)
WAYAKIT GreenTech Facilities Management degreaser for food service areas [4 L],F6-FM degreaser for food service areas,43.85,Predicción Volumétrica (10.96 SAR/L)
WAYAKIT GreenTech Facilities Management degreaser for food service areas [20 L],F6-FM degreaser for food service areas,323.03,Predicción Volumétrica (16.15 SAR/L)
WAYAKIT GreenTech Facilities Management degreaser for food service areas [Box of 12 units 700 mL],F6-FM degreaser for food service areas,76.48,Predicción Volumétrica (9.10 SAR/L)
WAYAKIT GreenTech Facilities Management grill cleaner [700 mL],F6-FM grill cleaner,12.81,Predicción Volumétrica (18.30 SAR/L)
WAYAKIT GreenTech Facilities Management grill cleaner [4 L],F6-FM grill cleaner,43.85,Predicción Volumétrica (10.96 SAR/L)
WAYAKIT GreenTech Facilities Management grill cleaner [20 L],F6-FM grill cleaner,323.03,Predicción Volumétrica (16.15 SAR/L)
WAYAKIT GreenTech Facilities Management grill cleaner [Box of 12 units 700 mL],F6-FM grill cleaner,76.48,Predicción Volumétrica (9.10 SAR/L)
WAYAKIT GreenTech Facilities Management oven and appliance cleaner [700 mL],F6-FM oven and appliance cleaner,12.81,Predicción Volumétrica (18.30 SAR/L)
WAYAKIT GreenTech Facilities Management oven and appliance cleaner [4 L],F6-FM oven and appliance cleaner,43.85,Predicción Volumétrica (10.96 SAR/L)
WAYAKIT GreenTech Facilities Management oven and appliance cleaner [20 L],F6-FM oven and appliance cleaner,323.03,Predicción Volumétrica (16.15 SAR/L)
WAYAKIT GreenTech Facilities Management oven and appliance cleaner [Box of 12 units 700 mL],F6-FM oven and appliance cleaner,76.48,Predicción Volumétrica (9.10 SAR/L)
WAYAKIT GreenTech Facilities Management food-safe surface sanitizers [700 mL],F6-FM food-safe surface sanitizers,12.81,Predicción Volumétrica (18.30 SAR/L)
WAYAKIT GreenTech Facilities Management food-safe surface sanitizers [4 L],F6-FM food-safe surface sanitizers,43.85,Predicción Volumétrica (10.96 SAR/L)
WAYAKIT GreenTech Facilities Management food-safe surface sanitizers [20 L],F6-FM food-safe surface sanitizers,323.03,Predicción Volumétrica (16.15 SAR/L)
WAYAKIT GreenTech Facilities Management food-safe surface sanitizers [Box of 12 units 700 mL],F6-FM food-safe surface sanitizers,76.48,Predicción Volumétrica (9.10 SAR/L)
WAYAKIT GreenTech Facilities Management air freshener [700 mL],F7-FM air freshener,12.81,Predicción Volumétrica (18.30 SAR/L)
WAYAKIT GreenTech Facilities Management air freshener [4 L],F7-FM air freshener,43.85,Predicción Volumétrica (10.96 SAR/L)
WAYAKIT GreenTech Facilities Management air freshener [20 L],F7-FM air freshener,323.03,Predicción Volumétrica (16.15 SAR/L)
WAYAKIT GreenTech Facilities Management air freshener [Box of 12 units 700 mL],F7-FM air freshener,76.48,Predicción Volumétrica (9.10 SAR/L)
WAYAKIT GreenTech Facilities Management stainless steel polish and cleaner for fixtures and fittings [700 mL],F8-FM stainless steel polish and cleaner for fixtures and fittings,12.81,Predicción Volumétrica (18.30 SAR/L)
WAYAKIT GreenTech Facilities Management stainless steel polish and cleaner for fixtures and fittings [4 L],F8-FM stainless steel polish and cleaner for fixtures and fittings,43.85,Predicción Volumétrica (10.96 SAR/L)
WAYAKIT GreenTech Facilities Management stainless steel polish and cleaner for fixtures and fittings [20 L],F8-FM stainless steel polish and cleaner for fixtures and fittings,323.03,Predicción Volumétrica (16.15 SAR/L)
WAYAKIT GreenTech Facilities Management stainless steel polish and cleaner for fixtures and fittings [Box of 12 units 700 mL],F8-FM stainless steel polish and cleaner for fixtures and fittings,76.48,Predicción Volumétrica (9.10 SAR/L)
WAYAKIT GreenTech Facilities Management HVAC system cleaner [700 mL],F10-FM HVAC system cleaner,12.81,Predicción Volumétrica (18.30 SAR/L)
WAYAKIT GreenTech Facilities Management HVAC system cleaner [4 L],F10-FM HVAC system cleaner,43.85,Predicción Volumétrica (10.96 SAR/L)
WAYAKIT GreenTech Facilities Management HVAC system cleaner [20 L],F10-FM HVAC system cleaner,381.0,Predicción Volumétrica (19.05 SAR/L)
WAYAKIT GreenTech Facilities Management HVAC system cleaner [Box of 12 units 700 mL],F10-FM HVAC system cleaner,76.48,Predicción Volumétrica (9.10 SAR/L)
WAYAKIT GreenTech Automotive Car wash shampoo,C1-Car wash shampoo,0.0,Información de cantidad no encontrada
WAYAKIT GreenTech Automotive Car wash shampoo [700 mL],C1-Car wash shampoo,16.45,Predicción Volumétrica (23.51 SAR/L)
WAYAKIT GreenTech Automotive Car wash shampoo [4 L],C1-Car wash shampoo,47.92,Predicción Volumétrica (11.98 SAR/L)
WAYAKIT GreenTech Automotive Car wash shampoo [20 L],C1-Car wash shampoo,323.03,Predicción Volumétrica (16.15 SAR/L)
WAYAKIT GreenTech Automotive Car wash shampoo [Box of 12 units 700 mL],C1-Car wash shampoo,82.55,Predicción Volumétrica (9.83 SAR/L)
WAYAKIT GreenTech Automotive Waterless car wash spray,C1-Waterless car wash product,0.0,Información de cantidad no encontrada
WAYAKIT GreenTech Automotive Waterless car wash spray [700 mL],C1-Waterless car wash product,16.87,Predicción Volumétrica (24.09 SAR/L)
WAYAKIT GreenTech Automotive Waterless car wash spray [4 L],C1-Waterless car wash product,57.72,Predicción Volumétrica (14.43 SAR/L)
WAYAKIT GreenTech Automotive Waterless car wash spray [20 L],C1-Waterless car wash product,323.03,Predicción Volumétrica (16.15 SAR/L)
WAYAKIT GreenTech Automotive Waterless car wash spray [Box of 12 units 700 mL],C1-Waterless car wash product,192.67,Predicción Volumétrica (22.94 SAR/L)
WAYAKIT GreenTech Automotive Waterless car wash spray [1 L refill],C1-Waterless car wash product,27.2,Predicción Volumétrica (27.20 SAR/L)
WAYAKIT GreenTech Automotive Wheel cleaner,C2-Wheel cleaner,0.0,Información de cantidad no encontrada
WAYAKIT GreenTech Automotive Wheel cleaner [700 mL],C2-Wheel cleaner,55.73,Predicción Volumétrica (79.62 SAR/L)
WAYAKIT GreenTech Automotive Wheel cleaner [4 L],C2-Wheel cleaner,43.85,Predicción Volumétrica (10.96 SAR/L)
WAYAKIT GreenTech Automotive Wheel cleaner [20 L],C2-Wheel cleaner,260.17,Predicción Volumétrica (13.01 SAR/L)
WAYAKIT GreenTech Automotive Wheel cleaner [Box of 12 units 700 mL],C2-Wheel cleaner,76.48,Predicción Volumétrica (9.10 SAR/L)
WAYAKIT GreenTech Automotive Wheel cleaner [1 L refill],C2-Wheel cleaner,60.01,Predicción Volumétrica (60.01 SAR/L)
WAYAKIT GreenTech Automotive Wheel brightener,C2-Wheel brightener,0.0,Información de cantidad no encontrada
WAYAKIT GreenTech Automotive Wheel brightener [700 mL],C2-Wheel brightener,24.62,Predicción Volumétrica (35.17 SAR/L)
WAYAKIT GreenTech Automotive Wheel brightener [4 L],C2-Wheel brightener,43.85,Predicción Volumétrica (10.96 SAR/L)
WAYAKIT GreenTech Automotive Wheel brightener [20 L],C2-Wheel brightener,320.03,Predicción Volumétrica (16.00 SAR/L)
WAYAKIT GreenTech Automotive Wheel brightener [Box of 12 units 700 mL],C2-Wheel brightener,76.48,Predicción Volumétrica (9.10 SAR/L)
WAYAKIT GreenTech Automotive Car glass cleaner,C3-Car glass cleaner,0.0,Información de cantidad no encontrada
WAYAKIT GreenTech Automotive Car glass cleaner [700 mL],C3-Car glass cleaner,26.94,Predicción Volumétrica (38.49 SAR/L)
WAYAKIT GreenTech Automotive Car glass cleaner [4 L],C3-Car glass cleaner,43.85,Predicción Volumétrica (10.96 SAR/L)
WAYAKIT GreenTech Automotive Car glass cleaner [20 L],C3-Car glass cleaner,315.33,Predicción Volumétrica (15.77 SAR/L)
WAYAKIT GreenTech Automotive Car glass cleaner [Box of 12 units 700 mL],C3-Car glass cleaner,76.48,Predicción Volumétrica (9.10 SAR/L)
WAYAKIT GreenTech Automotive Car glass cleaner [1 L refill],C3-Car glass cleaner,33.53,Predicción Volumétrica (33.53 SAR/L)
WAYAKIT GreenTech Automotive Car upholstery cleaner,C4-Car upholstery cleaner,0.0,Información de cantidad no encontrada
WAYAKIT GreenTech Automotive Car upholstery cleaner [700 mL],C4-Car upholstery cleaner,56.49,Predicción Volumétrica (80.70 SAR/L)
WAYAKIT GreenTech Automotive Car upholstery cleaner [4 L],C4-Car upholstery cleaner,43.85,Predicción Volumétrica (10.96 SAR/L)
WAYAKIT GreenTech Automotive Car upholstery cleaner [20 L],C4-Car upholstery cleaner,307.91,Predicción Volumétrica (15.40 SAR/L)
WAYAKIT GreenTech Automotive Car upholstery cleaner [Box of 12 units 700 mL],C4-Car upholstery cleaner,76.48,Predicción Volumétrica (9.10 SAR/L)
WAYAKIT GreenTech Automotive Car upholstery cleaner [1 L refill],C4-Car upholstery cleaner,56.56,Predicción Volumétrica (56.56 SAR/L)
WAYAKIT GreenTech Automotive Car leather cleaner and conditioner,C4-Car leather cleaner,0.0,Información de cantidad no encontrada
WAYAKIT GreenTech Automotive Car leather cleaner and conditioner [700 mL],C4-Car leather cleaner,43.33,Predicción Volumétrica (61.90 SAR/L)
WAYAKIT GreenTech Automotive Car leather cleaner and conditioner [4 L],C4-Car leather cleaner,43.85,Predicción Volumétrica (10.96 SAR/L)
WAYAKIT GreenTech Automotive Car leather cleaner and conditioner [20 L],C4-Car leather cleaner,323.03,Predicción Volumétrica (16.15 SAR/L)
WAYAKIT GreenTech Automotive Car leather cleaner and conditioner [Box of 12 units 700 mL],C4-Car leather cleaner,76.48,Predicción Volumétrica (9.10 SAR/L)
WAYAKIT GreenTech Automotive Car leather cleaner and conditioner [1 L refill],C4-Car leather cleaner,49.57,Predicción Volumétrica (49.57 SAR/L)
WAYAKIT GreenTech Automotive Car leather conditioner,C4-Car leather conditioner,0.0,Información de cantidad no encontrada
WAYAKIT GreenTech Automotive Car leather conditioner [700 mL],C4-Car leather conditioner,54.03,Predicción Volumétrica (77.18 SAR/L)
WAYAKIT GreenTech Automotive Car leather conditioner [4 L],C4-Car leather conditioner,43.85,Predicción Volumétrica (10.96 SAR/L)
WAYAKIT GreenTech Automotive Car leather conditioner [20 L],C4-Car leather conditioner,323.03,Predicción Volumétrica (16.15 SAR/L)
WAYAKIT GreenTech Automotive Car leather conditioner [Box of 12 units 700 mL],C4-Car leather conditioner,76.48,Predicción Volumétrica (9.10 SAR/L)
WAYAKIT GreenTech Automotive Car dashboard and plastic protectant,C4-Car dashboard and plastic protectant,0.0,Información de cantidad no encontrada
WAYAKIT GreenTech Automotive Car dashboard and plastic protectant [700 mL],C4-Car dashboard and plastic protectant,12.81,Predicción Volumétrica (18.30 SAR/L)
WAYAKIT GreenTech Automotive Car dashboard and plastic protectant [4 L],C4-Car dashboard and plastic protectant,43.85,Predicción Volumétrica (10.96 SAR/L)
WAYAKIT GreenTech Automotive Car dashboard and plastic protectant [20 L],C4-Car dashboard and plastic protectant,323.03,Predicción Volumétrica (16.15 SAR/L)
WAYAKIT GreenTech Automotive Car dashboard and plastic protectant [Box of 12 units 700 mL],C4-Car dashboard and plastic protectant,76.48,Predicción Volumétrica (9.10 SAR/L)
WAYAKIT GreenTech Automotive Car dashboard and plastic protectant [1 L refill],C4-Car dashboard and plastic protectant,24.02,Predicción Volumétrica (24.02 SAR/L)
WAYAKIT GreenTech Automotive Car air freshener,C4-Car air freshener,0.0,Información de cantidad no encontrada
WAYAKIT GreenTech Automotive Car air freshener [700 mL],C4-Car air freshener,12.81,Predicción Volumétrica (18.30 SAR/L)
WAYAKIT GreenTech Automotive Car air freshener [4 L],C4-Car air freshener,43.85,Predicción Volumétrica (10.96 SAR/L)
WAYAKIT GreenTech Automotive Car air freshener [20 L],C4-Car air freshener,323.03,Predicción Volumétrica (16.15 SAR/L)
WAYAKIT GreenTech Automotive Car air freshener [Box of 12 units 700 mL],C4-Car air freshener,76.48,Predicción Volumétrica (9.10 SAR/L)
WAYAKIT GreenTech Automotive Car air freshener [1 L refill],C4-Car air freshener,24.02,Predicción Volumétrica (24.02 SAR/L)
WAYAKIT GreenTech Automotive Car odor eliminator,C4-Car odor eliminator,0.0,Información de cantidad no encontrada
WAYAKIT GreenTech Automotive Car odor eliminator [700 mL],C4-Car odor eliminator,12.81,Predicción Volumétrica (18.30 SAR/L)
WAYAKIT GreenTech Automotive Car odor eliminator [4 L],C4-Car odor eliminator,43.85,Predicción Volumétrica (10.96 SAR/L)
WAYAKIT GreenTech Automotive Car odor eliminator [20 L],C4-Car odor eliminator,323.03,Predicción Volumétrica (16.15 SAR/L)
WAYAKIT GreenTech Automotive Car odor eliminator [Box of 12 units 700 mL],C4-Car odor eliminator,76.48,Predicción Volumétrica (9.10 SAR/L)
WAYAKIT GreenTech Automotive Car odor eliminator [1 L refill],C4-Car odor eliminator,24.36,Predicción Volumétrica (24.36 SAR/L)
WAYAKIT GreenTech Automotive Car gum remover,C5-Car gum remover,0.0,Información de cantidad no encontrada
WAYAKIT GreenTech Automotive Car gum remover [700 mL],C5-Car gum remover,12.81,Predicción Volumétrica (18.30 SAR/L)
WAYAKIT GreenTech Automotive Car gum remover [4 L],C5-Car gum remover,43.85,Predicción Volumétrica (10.96 SAR/L)
WAYAKIT GreenTech Automotive Car gum remover [20 L],C5-Car gum remover,323.03,Predicción Volumétrica (16.15 SAR/L)
WAYAKIT GreenTech Automotive Car gum remover [Box of 12 units 700 mL],C5-Car gum remover,77.98,Predicción Volumétrica (9.28 SAR/L)
WAYAKIT GreenTech Automotive Car gum remover [1 L refill],C5-Car gum remover,24.02,Predicción Volumétrica (24.02 SAR/L)
WAYAKIT GreenTech Automotive Car water spot remover,C5-Car water spot remover,0.0,Información de cantidad no encontrada
WAYAKIT GreenTech Automotive Car water spot remover [700 mL],C5-Car water spot remover,12.81,Predicción Volumétrica (18.30 SAR/L)
WAYAKIT GreenTech Automotive Car water spot remover [4 L],C5-Car water spot remover,43.85,Predicción Volumétrica (10.96 SAR/L)
WAYAKIT GreenTech Automotive Car water spot remover [20 L],C5-Car water spot remover,323.03,Predicción Volumétrica (16.15 SAR/L)
WAYAKIT GreenTech Automotive Car water spot remover [Box of 12 units 700 mL],C5-Car water spot remover,76.48,Predicción Volumétrica (9.10 SAR/L)
WAYAKIT GreenTech Automotive Car bug and bird poop remover,C5-Car bug and poop remover,0.0,Información de cantidad no encontrada
WAYAKIT GreenTech Automotive Car bug and bird poop remover [700 mL],C5-Car bug and poop remover,12.81,Predicción Volumétrica (18.30 SAR/L)
WAYAKIT GreenTech Automotive Car bug and bird poop remover [4 L],C5-Car bug and poop remover,43.85,Predicción Volumétrica (10.96 SAR/L)
WAYAKIT GreenTech Automotive Car bug and bird poop remover [20 L],C5-Car bug and poop remover,323.03,Predicción Volumétrica (16.15 SAR/L)
WAYAKIT GreenTech Automotive Car bug and bird poop remover [Box of 12 units 700 mL],C5-Car bug and poop remover,76.48,Predicción Volumétrica (9.10 SAR/L)
WAYAKIT GreenTech Automotive Car bug and bird poop remover [1 L refill],C5-Car bug and poop remover,24.02,Predicción Volumétrica (24.02 SAR/L)
WAYAKIT GreenTech Automotive Car engine degreaser,C6-Car engine degreaser,0.0,Información de cantidad no encontrada
WAYAKIT GreenTech Automotive Car engine degreaser [700 mL],C6-Car engine degreaser,21.82,Predicción Volumétrica (31.18 SAR/L)
WAYAKIT GreenTech Automotive Car engine degreaser [4 L],C6-Car engine degreaser,43.85,Predicción Volumétrica (10.96 SAR/L)
WAYAKIT GreenTech Automotive Car engine degreaser [20 L],C6-Car engine degreaser,321.38,Predicción Volumétrica (16.07 SAR/L)
WAYAKIT GreenTech Automotive Car engine degreaser [Box of 12 units 700 mL],C6-Car engine degreaser,76.48,Predicción Volumétrica (9.10 SAR/L)
WAYAKIT GreenTech Automotive Car engine degreaser [1 L refill],C6-Car engine degreaser,29.27,Predicción Volumétrica (29.27 SAR/L)
WAYAKIT GreenTech Automotive Microfiber for vehicle cleaning,C7-Microfiber for vehicle cleaning,0.0,Información de cantidad no encontrada
WAYAKIT GreenTech Automotive Microfiber for vehicle cleaning [Pack of 20 wet rags],C7-Microfiber for vehicle cleaning,59.82,Predicción por Unidades (2.99 SAR/item)
WAYAKIT GreenTech Automotive Long brush for seating cleaning,C7-Long brush for seating cleaning,0.0,Información de cantidad no encontrada
WAYAKIT GreenTech Automotive Long brush for seating cleaning [1 unit],C7-Long brush for seating cleaning,8.0,Predicción por Unidades (8.00 SAR/item)
WAYAKIT GreenTech Pets Deodorizing rags for pets,P1-Deodorizing wipes for pets,0.0,Información de cantidad no encontrada
WAYAKIT GreenTech Pets Deodorizing rags for pets [Pack of 20 wet rags],P1-Deodorizing wipes for pets,64.65,Predicción por Unidades (3.23 SAR/item)
WAYAKIT GreenTech Pets Deodorizing rags for pets [Refill of pack of 20 wet rags],P1-Deodorizing wipes for pets,64.65,Predicción por Unidades (3.23 SAR/item)
WAYAKIT GreenTech Pets Pet urine odor remover,P3-Pet urine odor remover,0.0,Información de cantidad no encontrada
WAYAKIT GreenTech Pets Pet urine odor remover [700 mL],P3-Pet urine odor remover,14.52,Predicción Volumétrica (20.75 SAR/L)
WAYAKIT GreenTech Pets Pet urine odor remover [4 L],P3-Pet urine odor remover,44.36,Predicción Volumétrica (11.09 SAR/L)
WAYAKIT GreenTech Pets Pet urine odor remover [700 mL refill],P3-Pet urine odor remover,14.52,Predicción Volumétrica (20.75 SAR/L)
WAYAKIT GreenTech Pets Pet urine odor remover [4 L refill],P3-Pet urine odor remover,44.36,Predicción Volumétrica (11.09 SAR/L)
WAYAKIT GreenTech Pets Pet stain carpet cleaner,P3-Carpet cleaner for pet accidents,0.0,Información de cantidad no encontrada
WAYAKIT GreenTech Pets Pet stain carpet cleaner [700 mL],P3-Carpet cleaner for pet accidents,14.76,Predicción Volumétrica (21.09 SAR/L)
WAYAKIT GreenTech Pets Pet stain carpet cleaner [4 L],P3-Carpet cleaner for pet accidents,45.62,Predicción Volumétrica (11.40 SAR/L)
WAYAKIT GreenTech Pets Pet stain carpet cleaner [700 mL refill],P3-Carpet cleaner for pet accidents,14.76,Predicción Volumétrica (21.09 SAR/L)
WAYAKIT GreenTech Pets Flea and tick home repellant,P4-Flea and tick home spray,0.0,Información de cantidad no encontrada
WAYAKIT GreenTech Pets Flea and tick home repellant [700 mL],P4-Flea and tick home spray,12.81,Predicción Volumétrica (18.30 SAR/L)
WAYAKIT GreenTech Pets Flea and tick home repellant [4 L],P4-Flea and tick home spray,43.85,Predicción Volumétrica (10.96 SAR/L)
WAYAKIT GreenTech Pets Flea and tick home repellant [700 mL refill],P4-Flea and tick home spray,12.81,Predicción Volumétrica (18.30 SAR/L)
WAYAKIT GreenTech Pets Antiseptic spray for pets,P5-Antiseptic spray for pets,0.0,Información de cantidad no encontrada
WAYAKIT GreenTech Pets Antiseptic spray for pets [100 mL],P5-Antiseptic spray for pets,7.4,Predicción Volumétrica (74.01 SAR/L)
WAYAKIT GreenTech Pets Antiseptic spray for pets [4 L],P5-Antiseptic spray for pets,76.64,Predicción Volumétrica (19.16 SAR/L)
WAYAKIT GreenTech Pets Antiseptic spray for pets [100 mL refill],P5-Antiseptic spray for pets,7.4,Predicción Volumétrica (74.01 SAR/L)
WAYAKIT GreenTech Pets Pet-safe wound washes,P5-Pet-safe wound washes,0.0,Información de cantidad no encontrada
WAYAKIT GreenTech Pets Pet-safe wound washes [700 mL],P5-Pet-safe wound washes,12.81,Predicción Volumétrica (18.30 SAR/L)
WAYAKIT GreenTech Pets Pet-safe wound washes [4 L],P5-Pet-safe wound washes,43.85,Predicción Volumétrica (10.96 SAR/L)
WAYAKIT GreenTech Pets Pet-safe disinfectant and cleaner,P6-Pet-safe disinfectant and cleaner,0.0,Información de cantidad no encontrada
WAYAKIT GreenTech Pets Pet-safe disinfectant and cleaner [700 mL],P6-Pet-safe disinfectant and cleaner,25.13,Predicción Volumétrica (35.90 SAR/L)
WAYAKIT GreenTech Pets Pet-safe disinfectant and cleaner [4 L],P6-Pet-safe disinfectant and cleaner,44.76,Predicción Volumétrica (11.19 SAR/L)
WAYAKIT GreenTech Pets Pet-safe disinfectant and cleaner [700 mL refill],P6-Pet-safe disinfectant and cleaner,25.13,Predicción Volumétrica (35.90 SAR/L)
WAYAKIT GreenTech Pets Cage and habitat cleaner,P6-Cage and habitat cleaner,0.0,Información de cantidad no encontrada
WAYAKIT GreenTech Pets Cage and habitat cleaner [700 mL],P6-Cage and habitat cleaner,14.58,Predicción Volumétrica (20.82 SAR/L)
WAYAKIT GreenTech Pets Cage and habitat cleaner [4 L],P6-Cage and habitat cleaner,43.85,Predicción Volumétrica (10.96 SAR/L)
WAYAKIT GreenTech Pets Cage and habitat cleaner [700 mL refill],P6-Cage and habitat cleaner,14.58,Predicción Volumétrica (20.82 SAR/L)
"WAYAKIT GreenTech Sports Multi-surface cleaner for equipment, benches, and countertops [700 mL]","S1-Multi-surface cleaner for equipment, benches, and countertops",12.81,Predicción Volumétrica (18.30 SAR/L)
"WAYAKIT GreenTech Sports Multi-surface cleaner for equipment, benches, and countertops [4 L]","S1-Multi-surface cleaner for equipment, benches, and countertops",43.85,Predicción Volumétrica (10.96 SAR/L)
"WAYAKIT GreenTech Sports Multi-surface cleaner for equipment, benches, and countertops [20 L]","S1-Multi-surface cleaner for equipment, benches, and countertops",323.03,Predicción Volumétrica (16.15 SAR/L)
"WAYAKIT GreenTech Sports Multi-surface cleaner for equipment, benches, and countertops [Box of 12 units 700 mL]","S1-Multi-surface cleaner for equipment, benches, and countertops",76.48,Predicción Volumétrica (9.10 SAR/L)
WAYAKIT GreenTech Sports Wood furniture cleaner [700 mL],S1-Wood furniture cleaner,12.81,Predicción Volumétrica (18.30 SAR/L)
WAYAKIT GreenTech Sports Wood furniture cleaner [4 L],S1-Wood furniture cleaner,43.85,Predicción Volumétrica (10.96 SAR/L)
WAYAKIT GreenTech Sports Wood furniture cleaner [20 L],S1-Wood furniture cleaner,323.03,Predicción Volumétrica (16.15 SAR/L)
WAYAKIT GreenTech Sports Wood furniture cleaner [Box of 12 units 700 mL],S1-Wood furniture cleaner,76.48,Predicción Volumétrica (9.10 SAR/L)
WAYAKIT GreenTech Sports Streak-free glass cleaner for mirrors and windows [700 mL],S1-Streak-free glass cleaner for mirrors and windows,12.81,Predicción Volumétrica (18.30 SAR/L)
WAYAKIT GreenTech Sports Streak-free glass cleaner for mirrors and windows [4 L],S1-Streak-free glass cleaner for mirrors and windows,43.85,Predicción Volumétrica (10.96 SAR/L)
WAYAKIT GreenTech Sports Streak-free glass cleaner for mirrors and windows [20 L],S1-Streak-free glass cleaner for mirrors and windows,323.03,Predicción Volumétrica (16.15 SAR/L)
WAYAKIT GreenTech Sports Streak-free glass cleaner for mirrors and windows [Box of 12 units 700 mL],S1-Streak-free glass cleaner for mirrors and windows,73.85,Predicción Volumétrica (8.79 SAR/L)
WAYAKIT GreenTech Sports Non-slip floor cleaner for gym floors and exercise areas [700 mL],S1-Non-slip floor cleaner for gym floors and exercise areas,12.81,Predicción Volumétrica (18.30 SAR/L)
WAYAKIT GreenTech Sports Non-slip floor cleaner for gym floors and exercise areas [4 L],S1-Non-slip floor cleaner for gym floors and exercise areas,43.85,Predicción Volumétrica (10.96 SAR/L)
WAYAKIT GreenTech Sports Non-slip floor cleaner for gym floors and exercise areas [20 L],S1-Non-slip floor cleaner for gym floors and exercise areas,323.03,Predicción Volumétrica (16.15 SAR/L)
WAYAKIT GreenTech Sports Non-slip floor cleaner for gym floors and exercise areas [Box of 12 units 700 mL],S1-Non-slip floor cleaner for gym floors and exercise areas,76.48,Predicción Volumétrica (9.10 SAR/L)
WAYAKIT GreenTech Sports Hardwood and laminate floor cleaner [700 mL],S1-Hardwood and laminate floor cleaner,12.81,Predicción Volumétrica (18.30 SAR/L)
WAYAKIT GreenTech Sports Hardwood and laminate floor cleaner [4 L],S1-Hardwood and laminate floor cleaner,43.85,Predicción Volumétrica (10.96 SAR/L)
WAYAKIT GreenTech Sports Hardwood and laminate floor cleaner [20 L],S1-Hardwood and laminate floor cleaner,323.03,Predicción Volumétrica (16.15 SAR/L)
WAYAKIT GreenTech Sports Hardwood and laminate floor cleaner [Box of 12 units 700 mL],S1-Hardwood and laminate floor cleaner,76.48,Predicción Volumétrica (9.10 SAR/L)
WAYAKIT GreenTech Sports High performance carpet shampoo [700 mL],S1-High performance carpet shampoo,12.81,Predicción Volumétrica (18.30 SAR/L)
WAYAKIT GreenTech Sports High performance carpet shampoo [4 L],S1-High performance carpet shampoo,43.85,Predicción Volumétrica (10.96 SAR/L)
WAYAKIT GreenTech Sports High performance carpet shampoo [20 L],S1-High performance carpet shampoo,323.03,Predicción Volumétrica (16.15 SAR/L)
WAYAKIT GreenTech Sports High performance carpet shampoo [Box of 12 units 700 mL],S1-High performance carpet shampoo,76.48,Predicción Volumétrica (9.10 SAR/L)
WAYAKIT GreenTech Sports Stain spot remover [700 mL],S1-Stain spot remover,12.81,Predicción Volumétrica (18.30 SAR/L)
WAYAKIT GreenTech Sports Stain spot remover [4 L],S1-Stain spot remover,43.85,Predicción Volumétrica (10.96 SAR/L)
WAYAKIT GreenTech Sports Stain spot remover [20 L],S1-Stain spot remover,323.03,Predicción Volumétrica (16.15 SAR/L)
WAYAKIT GreenTech Sports Stain spot remover [Box of 12 units 700 mL],S1-Stain spot remover,76.48,Predicción Volumétrica (9.10 SAR/L)
WAYAKIT GreenTech Sports Shower and tile cleaner [700 mL],S2-Shower and tile cleaner,12.81,Predicción Volumétrica (18.30 SAR/L)
WAYAKIT GreenTech Sports Shower and tile cleaner [4 L],S2-Shower and tile cleaner,43.85,Predicción Volumétrica (10.96 SAR/L)
WAYAKIT GreenTech Sports Shower and tile cleaner [20 L],S2-Shower and tile cleaner,323.03,Predicción Volumétrica (16.15 SAR/L)
WAYAKIT GreenTech Sports Shower and tile cleaner [Box of 12 units 700 mL],S2-Shower and tile cleaner,76.48,Predicción Volumétrica (9.10 SAR/L)
WAYAKIT GreenTech Sports Broad-spectrum disinfectant for surfaces [700 mL],S3-Broad-spectrum disinfectant for surfaces,12.81,Predicción Volumétrica (18.30 SAR/L)
WAYAKIT GreenTech Sports Broad-spectrum disinfectant for surfaces [4 L],S3-Broad-spectrum disinfectant for surfaces,29.75,Predicción Volumétrica (7.44 SAR/L)
WAYAKIT GreenTech Sports Broad-spectrum disinfectant for surfaces [20 L],S3-Broad-spectrum disinfectant for surfaces,281.63,Predicción Volumétrica (14.08 SAR/L)
WAYAKIT GreenTech Sports Broad-spectrum disinfectant for surfaces [Box of 12 units 700 mL],S3-Broad-spectrum disinfectant for surfaces,76.48,Predicción Volumétrica (9.10 SAR/L)
WAYAKIT GreenTech Sports Stain remover for laundry [700 mL],S4-Stain remover for laundry,12.81,Predicción Volumétrica (18.30 SAR/L)
WAYAKIT GreenTech Sports Stain remover for laundry [4 L],S4-Stain remover for laundry,43.85,Predicción Volumétrica (10.96 SAR/L)
WAYAKIT GreenTech Sports Stain remover for laundry [20 L],S4-Stain remover for laundry,323.03,Predicción Volumétrica (16.15 SAR/L)
WAYAKIT GreenTech Sports Stain remover for laundry [Box of 12 units 700 mL],S4-Stain remover for laundry,76.48,Predicción Volumétrica (9.10 SAR/L)
WAYAKIT GreenTech Sports Sanitizing fabric refresher for towels and sports clothes [700 mL],S4-Sanitizing fabric refresher for towels and sports clothes,12.89,Predicción Volumétrica (18.41 SAR/L)
WAYAKIT GreenTech Sports Sanitizing fabric refresher for towels and sports clothes [4 L],S4-Sanitizing fabric refresher for towels and sports clothes,43.85,Predicción Volumétrica (10.96 SAR/L)
WAYAKIT GreenTech Sports Sanitizing fabric refresher for towels and sports clothes [20 L],S4-Sanitizing fabric refresher for towels and sports clothes,323.03,Predicción Volumétrica (16.15 SAR/L)
WAYAKIT GreenTech Sports Sanitizing fabric refresher for towels and sports clothes [Box of 12 units 700 mL],S4-Sanitizing fabric refresher for towels and sports clothes,76.48,Predicción Volumétrica (9.10 SAR/L)
WAYAKIT GreenTech Sports Air freshener [700 mL],S6-Air freshener,12.81,Predicción Volumétrica (18.30 SAR/L)
WAYAKIT GreenTech Sports Air freshener [4 L],S6-Air freshener,43.85,Predicción Volumétrica (10.96 SAR/L)
WAYAKIT GreenTech Sports Air freshener [20 L],S6-Air freshener,323.03,Predicción Volumétrica (16.15 SAR/L)
WAYAKIT GreenTech Sports Air freshener [Box of 12 units 700 mL],S6-Air freshener,76.48,Predicción Volumétrica (9.10 SAR/L)
WAYAKIT GreenTech Sports HVAC system cleaner [700 mL],S7-HVAC system cleaner,12.81,Predicción Volumétrica (18.30 SAR/L)
WAYAKIT GreenTech Sports HVAC system cleaner [4 L],S7-HVAC system cleaner,43.85,Predicción Volumétrica (10.96 SAR/L)
WAYAKIT GreenTech Sports HVAC system cleaner [20 L],S7-HVAC system cleaner,323.03,Predicción Volumétrica (16.15 SAR/L)
WAYAKIT GreenTech Sports HVAC system cleaner [Box of 12 units 700 mL],S7-HVAC system cleaner,76.48,Predicción Volumétrica (9.10 SAR/L)
WAYAKIT GreenTech Spas and Salons General purpose cleaner [700 mL],L1-General purpose cleaner,12.81,Predicción Volumétrica (18.30 SAR/L)
WAYAKIT GreenTech Spas and Salons General purpose cleaner [4 L],L1-General purpose cleaner,43.85,Predicción Volumétrica (10.96 SAR/L)
WAYAKIT GreenTech Spas and Salons General purpose cleaner [20 L],L1-General purpose cleaner,323.03,Predicción Volumétrica (16.15 SAR/L)
WAYAKIT GreenTech Spas and Salons General purpose cleaner [Box of 12 units 700 mL],L1-General purpose cleaner,76.48,Predicción Volumétrica (9.10 SAR/L)
WAYAKIT GreenTech Spas and Salons Wood furniture cleaner [700 mL],L1-Wood furniture cleaner,12.81,Predicción Volumétrica (18.30 SAR/L)
WAYAKIT GreenTech Spas and Salons Wood furniture cleaner [4 L],L1-Wood furniture cleaner,43.85,Predicción Volumétrica (10.96 SAR/L)
WAYAKIT GreenTech Spas and Salons Wood furniture cleaner [20 L],L1-Wood furniture cleaner,323.03,Predicción Volumétrica (16.15 SAR/L)
WAYAKIT GreenTech Spas and Salons Wood furniture cleaner [Box of 12 units 700 mL],L1-Wood furniture cleaner,76.48,Predicción Volumétrica (9.10 SAR/L)
WAYAKIT GreenTech Spas and Salons General hard floor cleaner [700 mL],L1-General hard floor cleaner,12.81,Predicción Volumétrica (18.30 SAR/L)
WAYAKIT GreenTech Spas and Salons General hard floor cleaner [4 L],L1-General hard floor cleaner,43.93,Predicción Volumétrica (10.98 SAR/L)
WAYAKIT GreenTech Spas and Salons General hard floor cleaner [20 L],L1-General hard floor cleaner,323.03,Predicción Volumétrica (16.15 SAR/L)
WAYAKIT GreenTech Spas and Salons General hard floor cleaner [Box of 12 units 700 mL],L1-General hard floor cleaner,76.48,Predicción Volumétrica (9.10 SAR/L)
WAYAKIT GreenTech Spas and Salons Hardwood and laminate floor cleaner [700 mL],L1-Hardwood and laminate floor cleaner,12.81,Predicción Volumétrica (18.30 SAR/L)
WAYAKIT GreenTech Spas and Salons Hardwood and laminate floor cleaner [4 L],L1-Hardwood and laminate floor cleaner,43.85,Predicción Volumétrica (10.96 SAR/L)
WAYAKIT GreenTech Spas and Salons Hardwood and laminate floor cleaner [20 L],L1-Hardwood and laminate floor cleaner,323.03,Predicción Volumétrica (16.15 SAR/L)
WAYAKIT GreenTech Spas and Salons Hardwood and laminate floor cleaner [Box of 12 units 700 mL],L1-Hardwood and laminate floor cleaner,76.48,Predicción Volumétrica (9.10 SAR/L)
WAYAKIT GreenTech Spas and Salons High performance carpet shampoo [700 mL],L1-High performance carpet shampoo,12.81,Predicción Volumétrica (18.30 SAR/L)
WAYAKIT GreenTech Spas and Salons High performance carpet shampoo [4 L],L1-High performance carpet shampoo,43.85,Predicción Volumétrica (10.96 SAR/L)
WAYAKIT GreenTech Spas and Salons High performance carpet shampoo [20 L],L1-High performance carpet shampoo,323.03,Predicción Volumétrica (16.15 SAR/L)
WAYAKIT GreenTech Spas and Salons High performance carpet shampoo [Box of 12 units 700 mL],L1-High performance carpet shampoo,76.48,Predicción Volumétrica (9.10 SAR/L)
WAYAKIT GreenTech Spas and Salons Stain spot remover [700 mL],L1-Stain spot remover,12.81,Predicción Volumétrica (18.30 SAR/L)
WAYAKIT GreenTech Spas and Salons Stain spot remover [4 L],L1-Stain spot remover,43.85,Predicción Volumétrica (10.96 SAR/L)
WAYAKIT GreenTech Spas and Salons Stain spot remover [20 L],L1-Stain spot remover,323.03,Predicción Volumétrica (16.15 SAR/L)
WAYAKIT GreenTech Spas and Salons Stain spot remover [Box of 12 units 700 mL],L1-Stain spot remover,76.48,Predicción Volumétrica (9.10 SAR/L)
WAYAKIT GreenTech Spas and Salons Streak-free glass cleaner for mirrors and windows [700 mL],L1-Streak-free glass cleaner for mirrors and windows,13.61,Predicción Volumétrica (19.44 SAR/L)
WAYAKIT GreenTech Spas and Salons Streak-free glass cleaner for mirrors and windows [4 L],L1-Streak-free glass cleaner for mirrors and windows,43.85,Predicción Volumétrica (10.96 SAR/L)
WAYAKIT GreenTech Spas and Salons Streak-free glass cleaner for mirrors and windows [20 L],L1-Streak-free glass cleaner for mirrors and windows,323.03,Predicción Volumétrica (16.15 SAR/L)
WAYAKIT GreenTech Spas and Salons Streak-free glass cleaner for mirrors and windows [Box of 12 units 700 mL],L1-Streak-free glass cleaner for mirrors and windows,76.22,Predicción Volumétrica (9.07 SAR/L)
WAYAKIT GreenTech Spas and Salons Broad-spectrum disinfectant for spas and salons equipment [700 mL],L2-Broad-spectrum disinfectant for spas and salons equipment,12.81,Predicción Volumétrica (18.30 SAR/L)
WAYAKIT GreenTech Spas and Salons Broad-spectrum disinfectant for spas and salons equipment [4 L],L2-Broad-spectrum disinfectant for spas and salons equipment,37.08,Predicción Volumétrica (9.27 SAR/L)
WAYAKIT GreenTech Spas and Salons Broad-spectrum disinfectant for spas and salons equipment [20 L],L2-Broad-spectrum disinfectant for spas and salons equipment,323.03,Predicción Volumétrica (16.15 SAR/L)
WAYAKIT GreenTech Spas and Salons Broad-spectrum disinfectant for spas and salons equipment [Box of 12 units 700 mL],L2-Broad-spectrum disinfectant for spas and salons equipment,76.48,Predicción Volumétrica (9.10 SAR/L)
WAYAKIT GreenTech Spas and Salons Antibacterial hand soap [700 mL],L3-Antibacterial hand soap,12.81,Predicción Volumétrica (18.30 SAR/L)
WAYAKIT GreenTech Spas and Salons Antibacterial hand soap [4 L],L3-Antibacterial hand soap,44.33,Predicción Volumétrica (11.08 SAR/L)
WAYAKIT GreenTech Spas and Salons Antibacterial hand soap [20 L],L3-Antibacterial hand soap,177.24,Predicción Volumétrica (8.86 SAR/L)
WAYAKIT GreenTech Spas and Salons Antibacterial hand soap [Box of 12 units 700 mL],L3-Antibacterial hand soap,78.0,Predicción Volumétrica (9.29 SAR/L)
WAYAKIT GreenTech Spas and Salons Shower and tile cleaner [700 mL],L3-Shower and tile cleaner,12.81,Predicción Volumétrica (18.30 SAR/L)
WAYAKIT GreenTech Spas and Salons Shower and tile cleaner [4 L],L3-Shower and tile cleaner,43.85,Predicción Volumétrica (10.96 SAR/L)
WAYAKIT GreenTech Spas and Salons Shower and tile cleaner [20 L],L3-Shower and tile cleaner,323.03,Predicción Volumétrica (16.15 SAR/L)
WAYAKIT GreenTech Spas and Salons Shower and tile cleaner [Box of 12 units 700 mL],L3-Shower and tile cleaner,76.48,Predicción Volumétrica (9.10 SAR/L)
WAYAKIT GreenTech Spas and Salons Air freshener [700 mL],L4-Air freshener,12.81,Predicción Volumétrica (18.30 SAR/L)
WAYAKIT GreenTech Spas and Salons Air freshener [4 L],L4-Air freshener,43.85,Predicción Volumétrica (10.96 SAR/L)
WAYAKIT GreenTech Spas and Salons Air freshener [20 L],L4-Air freshener,323.03,Predicción Volumétrica (16.15 SAR/L)
WAYAKIT GreenTech Spas and Salons Air freshener [Box of 12 units 700 mL],L4-Air freshener,76.48,Predicción Volumétrica (9.10 SAR/L)
WAYAKIT GreenTech Spas and Salons HVAC system cleaner [700 mL],L5-HVAC system cleaner,12.81,Predicción Volumétrica (18.30 SAR/L)
WAYAKIT GreenTech Spas and Salons HVAC system cleaner [4 L],L5-HVAC system cleaner,43.85,Predicción Volumétrica (10.96 SAR/L)
WAYAKIT GreenTech Spas and Salons HVAC system cleaner [20 L],L5-HVAC system cleaner,393.18,Predicción Volumétrica (19.66 SAR/L)
WAYAKIT GreenTech Spas and Salons HVAC system cleaner [Box of 12 units 700 mL],L5-HVAC system cleaner,76.48,Predicción Volumétrica (9.10 SAR/L)
WAYAKIT GreenTech Spas and Salons Stain remover for laundry [700 mL],L6-Stain remover for laundry,12.81,Predicción Volumétrica (18.30 SAR/L)
WAYAKIT GreenTech Spas and Salons Stain remover for laundry [4 L],L6-Stain remover for laundry,43.85,Predicción Volumétrica (10.96 SAR/L)
WAYAKIT GreenTech Spas and Salons Stain remover for laundry [20 L],L6-Stain remover for laundry,323.03,Predicción Volumétrica (16.15 SAR/L)
WAYAKIT GreenTech Spas and Salons Stain remover for laundry [Box of 12 units 700 mL],L6-Stain remover for laundry,76.48,Predicción Volumétrica (9.10 SAR/L)
WAYAKIT GreenTech Spas and Salons Sanitizing fabric refresher for towels [700 mL],L6-Sanitizing fabric refresher for towels,12.81,Predicción Volumétrica (18.30 SAR/L)
WAYAKIT GreenTech Spas and Salons Sanitizing fabric refresher for towels [4 L],L6-Sanitizing fabric refresher for towels,43.85,Predicción Volumétrica (10.96 SAR/L)
WAYAKIT GreenTech Spas and Salons Sanitizing fabric refresher for towels [20 L],L6-Sanitizing fabric refresher for towels,323.03,Predicción Volumétrica (16.15 SAR/L)
WAYAKIT GreenTech Spas and Salons Sanitizing fabric refresher for towels [Box of 12 units 700 mL],L6-Sanitizing fabric refresher for towels,76.48,Predicción Volumétrica (9.10 SAR/L)
WAYAKIT GreenTech Hotels General purpose cleaner [700 mL],E1-General purpose cleaner,12.81,Predicción Volumétrica (18.30 SAR/L)
WAYAKIT GreenTech Hotels General purpose cleaner [4 L],E1-General purpose cleaner,43.85,Predicción Volumétrica (10.96 SAR/L)
WAYAKIT GreenTech Hotels General purpose cleaner [20 L],E1-General purpose cleaner,323.03,Predicción Volumétrica (16.15 SAR/L)
WAYAKIT GreenTech Hotels General purpose cleaner [Box of 12 units 700 mL],E1-General purpose cleaner,76.48,Predicción Volumétrica (9.10 SAR/L)
WAYAKIT GreenTech Hotels Wood furniture cleaner [700 mL],E1-Wood furniture cleaner,12.81,Predicción Volumétrica (18.30 SAR/L)
WAYAKIT GreenTech Hotels Wood furniture cleaner [4 L],E1-Wood furniture cleaner,43.85,Predicción Volumétrica (10.96 SAR/L)
WAYAKIT GreenTech Hotels Wood furniture cleaner [20 L],E1-Wood furniture cleaner,323.03,Predicción Volumétrica (16.15 SAR/L)
WAYAKIT GreenTech Hotels Wood furniture cleaner [Box of 12 units 700 mL],E1-Wood furniture cleaner,76.48,Predicción Volumétrica (9.10 SAR/L)
WAYAKIT GreenTech Hotels Leather cleaner [700 mL],E1-Leather cleaner,12.81,Predicción Volumétrica (18.30 SAR/L)
WAYAKIT GreenTech Hotels Leather cleaner [4 L],E1-Leather cleaner,43.85,Predicción Volumétrica (10.96 SAR/L)
WAYAKIT GreenTech Hotels Leather cleaner [20 L],E1-Leather cleaner,323.03,Predicción Volumétrica (16.15 SAR/L)
WAYAKIT GreenTech Hotels Leather cleaner [Box of 12 units 700 mL],E1-Leather cleaner,76.48,Predicción Volumétrica (9.10 SAR/L)
WAYAKIT GreenTech Hotels General hard floor cleaner [700 mL],E2-General hard floor cleaner,12.81,Predicción Volumétrica (18.30 SAR/L)
WAYAKIT GreenTech Hotels General hard floor cleaner [4 L],E2-General hard floor cleaner,39.43,Predicción Volumétrica (9.86 SAR/L)
WAYAKIT GreenTech Hotels General hard floor cleaner [20 L],E2-General hard floor cleaner,323.03,Predicción Volumétrica (16.15 SAR/L)
WAYAKIT GreenTech Hotels General hard floor cleaner [Box of 12 units 700 mL],E2-General hard floor cleaner,76.48,Predicción Volumétrica (9.10 SAR/L)
WAYAKIT GreenTech Hotels High performance carpet shampoo [700 mL],E2-High performance carpet shampoo,12.81,Predicción Volumétrica (18.30 SAR/L)
WAYAKIT GreenTech Hotels High performance carpet shampoo [4 L],E2-High performance carpet shampoo,43.85,Predicción Volumétrica (10.96 SAR/L)
WAYAKIT GreenTech Hotels High performance carpet shampoo [20 L],E2-High performance carpet shampoo,323.03,Predicción Volumétrica (16.15 SAR/L)
WAYAKIT GreenTech Hotels High performance carpet shampoo [Box of 12 units 700 mL],E2-High performance carpet shampoo,76.48,Predicción Volumétrica (9.10 SAR/L)
WAYAKIT GreenTech Hotels Stain spot remover [700 mL],E2-Stain spot remover,12.81,Predicción Volumétrica (18.30 SAR/L)
WAYAKIT GreenTech Hotels Stain spot remover [4 L],E2-Stain spot remover,43.85,Predicción Volumétrica (10.96 SAR/L)
WAYAKIT GreenTech Hotels Stain spot remover [20 L],E2-Stain spot remover,323.03,Predicción Volumétrica (16.15 SAR/L)
WAYAKIT GreenTech Hotels Stain spot remover [Box of 12 units 700 mL],E2-Stain spot remover,76.48,Predicción Volumétrica (9.10 SAR/L)
WAYAKIT GreenTech Hotels Hardwood and laminate floor cleaner [700 mL],E2-Hardwood and laminate floor cleaner,12.81,Predicción Volumétrica (18.30 SAR/L)
WAYAKIT GreenTech Hotels Hardwood and laminate floor cleaner [4 L],E2-Hardwood and laminate floor cleaner,43.85,Predicción Volumétrica (10.96 SAR/L)
WAYAKIT GreenTech Hotels Hardwood and laminate floor cleaner [20 L],E2-Hardwood and laminate floor cleaner,323.03,Predicción Volumétrica (16.15 SAR/L)
WAYAKIT GreenTech Hotels Hardwood and laminate floor cleaner [Box of 12 units 700 mL],E2-Hardwood and laminate floor cleaner,76.48,Predicción Volumétrica (9.10 SAR/L)
"WAYAKIT GreenTech Hotels Broad-spectrum disinfectant for surfaces, mattress and touchpoints [700 mL]","E3-Broad-spectrum disinfectant for surfaces, mattress and touchpoints",12.81,Predicción Volumétrica (18.30 SAR/L)
"WAYAKIT GreenTech Hotels Broad-spectrum disinfectant for surfaces, mattress and touchpoints [4 L]","E3-Broad-spectrum disinfectant for surfaces, mattress and touchpoints",36.12,Predicción Volumétrica (9.03 SAR/L)
"WAYAKIT GreenTech Hotels Broad-spectrum disinfectant for surfaces, mattress and touchpoints [20 L]","E3-Broad-spectrum disinfectant for surfaces, mattress and touchpoints",292.32,Predicción Volumétrica (14.62 SAR/L)
"WAYAKIT GreenTech Hotels Broad-spectrum disinfectant for surfaces, mattress and touchpoints [Box of 12 units 700 mL]","E3-Broad-spectrum disinfectant for surfaces, mattress and touchpoints",76.48,Predicción Volumétrica (9.10 SAR/L)
WAYAKIT GreenTech Hotels Shower and tile cleaner [700 mL],E4-Shower and tile cleaner,12.81,Predicción Volumétrica (18.30 SAR/L)
WAYAKIT GreenTech Hotels Shower and tile cleaner [4 L],E4-Shower and tile cleaner,43.85,Predicción Volumétrica (10.96 SAR/L)
WAYAKIT GreenTech Hotels Shower and tile cleaner [20 L],E4-Shower and tile cleaner,323.03,Predicción Volumétrica (16.15 SAR/L)
WAYAKIT GreenTech Hotels Shower and tile cleaner [Box of 12 units 700 mL],E4-Shower and tile cleaner,76.48,Predicción Volumétrica (9.10 SAR/L)
WAYAKIT GreenTech Hotels Streak-free glass cleaner for large window areas [700 mL],E5-Streak-free glass cleaner for large window areas,12.81,Predicción Volumétrica (18.30 SAR/L)
WAYAKIT GreenTech Hotels Streak-free glass cleaner for large window areas [4 L],E5-Streak-free glass cleaner for large window areas,43.85,Predicción Volumétrica (10.96 SAR/L)
WAYAKIT GreenTech Hotels Streak-free glass cleaner for large window areas [20 L],E5-Streak-free glass cleaner for large window areas,323.03,Predicción Volumétrica (16.15 SAR/L)
WAYAKIT GreenTech Hotels Streak-free glass cleaner for large window areas [Box of 12 units 700 mL],E5-Streak-free glass cleaner for large window areas,76.1,Predicción Volumétrica (9.06 SAR/L)
WAYAKIT GreenTech Hotels Degreaser for food service areas [700 mL],E6-Degreaser for food service areas,12.81,Predicción Volumétrica (18.30 SAR/L)
WAYAKIT GreenTech Hotels Degreaser for food service areas [4 L],E6-Degreaser for food service areas,43.85,Predicción Volumétrica (10.96 SAR/L)
WAYAKIT GreenTech Hotels Degreaser for food service areas [20 L],E6-Degreaser for food service areas,323.03,Predicción Volumétrica (16.15 SAR/L)
WAYAKIT GreenTech Hotels Degreaser for food service areas [Box of 12 units 700 mL],E6-Degreaser for food service areas,76.48,Predicción Volumétrica (9.10 SAR/L)
WAYAKIT GreenTech Hotels Grill cleaner [700 mL],E6-Grill cleaner,12.81,Predicción Volumétrica (18.30 SAR/L)
WAYAKIT GreenTech Hotels Grill cleaner [4 L],E6-Grill cleaner,43.85,Predicción Volumétrica (10.96 SAR/L)
WAYAKIT GreenTech Hotels Grill cleaner [20 L],E6-Grill cleaner,323.03,Predicción Volumétrica (16.15 SAR/L)
WAYAKIT GreenTech Hotels Grill cleaner [Box of 12 units 700 mL],E6-Grill cleaner,76.48,Predicción Volumétrica (9.10 SAR/L)
WAYAKIT GreenTech Hotels Oven and appliance cleaner [700 mL],E6-Oven and appliance cleaner,12.81,Predicción Volumétrica (18.30 SAR/L)
WAYAKIT GreenTech Hotels Oven and appliance cleaner [4 L],E6-Oven and appliance cleaner,43.85,Predicción Volumétrica (10.96 SAR/L)
WAYAKIT GreenTech Hotels Oven and appliance cleaner [20 L],E6-Oven and appliance cleaner,323.03,Predicción Volumétrica (16.15 SAR/L)
WAYAKIT GreenTech Hotels Oven and appliance cleaner [Box of 12 units 700 mL],E6-Oven and appliance cleaner,76.48,Predicción Volumétrica (9.10 SAR/L)
WAYAKIT GreenTech Hotels Food-safe surface sanitizers [700 mL],E6-Food-safe surface sanitizers,12.81,Predicción Volumétrica (18.30 SAR/L)
WAYAKIT GreenTech Hotels Food-safe surface sanitizers [4 L],E6-Food-safe surface sanitizers,43.85,Predicción Volumétrica (10.96 SAR/L)
WAYAKIT GreenTech Hotels Food-safe surface sanitizers [20 L],E6-Food-safe surface sanitizers,323.03,Predicción Volumétrica (16.15 SAR/L)
WAYAKIT GreenTech Hotels Food-safe surface sanitizers [Box of 12 units 700 mL],E6-Food-safe surface sanitizers,76.48,Predicción Volumétrica (9.10 SAR/L)
WAYAKIT GreenTech Hotels Non-slip floor cleaner for safety [700 mL],E6-Non-slip floor cleaner for safety,12.81,Predicción Volumétrica (18.30 SAR/L)
WAYAKIT GreenTech Hotels Non-slip floor cleaner for safety [4 L],E6-Non-slip floor cleaner for safety,38.86,Predicción Volumétrica (9.71 SAR/L)
WAYAKIT GreenTech Hotels Non-slip floor cleaner for safety [20 L],E6-Non-slip floor cleaner for safety,323.03,Predicción Volumétrica (16.15 SAR/L)
WAYAKIT GreenTech Hotels Non-slip floor cleaner for safety [Box of 12 units 700 mL],E6-Non-slip floor cleaner for safety,76.48,Predicción Volumétrica (9.10 SAR/L)
WAYAKIT GreenTech Hotels Stainless steel polish for equipment and fixtures [700 mL],E6-Stainless steel polish for equipment and fixtures,12.81,Predicción Volumétrica (18.30 SAR/L)
WAYAKIT GreenTech Hotels Stainless steel polish for equipment and fixtures [4 L],E6-Stainless steel polish for equipment and fixtures,43.85,Predicción Volumétrica (10.96 SAR/L)
WAYAKIT GreenTech Hotels Stainless steel polish for equipment and fixtures [20 L],E6-Stainless steel polish for equipment and fixtures,323.03,Predicción Volumétrica (16.15 SAR/L)
WAYAKIT GreenTech Hotels Stainless steel polish for equipment and fixtures [Box of 12 units 700 mL],E6-Stainless steel polish for equipment and fixtures,76.48,Predicción Volumétrica (9.10 SAR/L)
WAYAKIT GreenTech Hotels Metal polish for cookware and utensils [700 mL],E6-Metal polish for cookware and utensils,12.81,Predicción Volumétrica (18.30 SAR/L)
WAYAKIT GreenTech Hotels Metal polish for cookware and utensils [4 L],E6-Metal polish for cookware and utensils,43.85,Predicción Volumétrica (10.96 SAR/L)
WAYAKIT GreenTech Hotels Metal polish for cookware and utensils [20 L],E6-Metal polish for cookware and utensils,323.03,Predicción Volumétrica (16.15 SAR/L)
WAYAKIT GreenTech Hotels Metal polish for cookware and utensils [Box of 12 units 700 mL],E6-Metal polish for cookware and utensils,76.48,Predicción Volumétrica (9.10 SAR/L)
WAYAKIT GreenTech Hotels Glass polish for display cases and windows [700 mL],E6-Glass polish for display cases and windows,12.81,Predicción Volumétrica (18.30 SAR/L)
WAYAKIT GreenTech Hotels Glass polish for display cases and windows [4 L],E6-Glass polish for display cases and windows,43.85,Predicción Volumétrica (10.96 SAR/L)
WAYAKIT GreenTech Hotels Glass polish for display cases and windows [20 L],E6-Glass polish for display cases and windows,323.03,Predicción Volumétrica (16.15 SAR/L)
WAYAKIT GreenTech Hotels Glass polish for display cases and windows [Box of 12 units 700 mL],E6-Glass polish for display cases and windows,74.81,Predicción Volumétrica (8.91 SAR/L)
WAYAKIT GreenTech Hotels Air freshener [700 mL],E7-Air freshener,12.81,Predicción Volumétrica (18.30 SAR/L)
WAYAKIT GreenTech Hotels Air freshener [4 L],E7-Air freshener,43.85,Predicción Volumétrica (10.96 SAR/L)
WAYAKIT GreenTech Hotels Air freshener [20 L],E7-Air freshener,323.03,Predicción Volumétrica (16.15 SAR/L)
WAYAKIT GreenTech Hotels Air freshener [Box of 12 units 700 mL],E7-Air freshener,76.48,Predicción Volumétrica (9.10 SAR/L)
WAYAKIT GreenTech Hotels Stainless steel polish and cleaner for fixtures and fittings [700 mL],E8-Stainless steel polish and cleaner for fixtures and fittings,12.81,Predicción Volumétrica (18.30 SAR/L)
WAYAKIT GreenTech Hotels Stainless steel polish and cleaner for fixtures and fittings [4 L],E8-Stainless steel polish and cleaner for fixtures and fittings,43.85,Predicción Volumétrica (10.96 SAR/L)
WAYAKIT GreenTech Hotels Stainless steel polish and cleaner for fixtures and fittings [20 L],E8-Stainless steel polish and cleaner for fixtures and fittings,323.03,Predicción Volumétrica (16.15 SAR/L)
WAYAKIT GreenTech Hotels Stainless steel polish and cleaner for fixtures and fittings [Box of 12 units 700 mL],E8-Stainless steel polish and cleaner for fixtures and fittings,76.48,Predicción Volumétrica (9.10 SAR/L)
WAYAKIT GreenTech Hotels HVAC system cleaner [700 mL],E10-HVAC system cleaner,12.81,Predicción Volumétrica (18.30 SAR/L)
WAYAKIT GreenTech Hotels HVAC system cleaner [4 L],E10-HVAC system cleaner,43.85,Predicción Volumétrica (10.96 SAR/L)
WAYAKIT GreenTech Hotels HVAC system cleaner [20 L],E10-HVAC system cleaner,323.03,Predicción Volumétrica (16.15 SAR/L)
WAYAKIT GreenTech Hotels HVAC system cleaner [Box of 12 units 700 mL],E10-HVAC system cleaner,76.48,Predicción Volumétrica (9.10 SAR/L)
WAYAKIT GreenTech Hotels Stain remover for laundry [700 mL],E11-Stain remover for laundry,12.81,Predicción Volumétrica (18.30 SAR/L)
WAYAKIT GreenTech Hotels Stain remover for laundry [4 L],E11-Stain remover for laundry,43.85,Predicción Volumétrica (10.96 SAR/L)
WAYAKIT GreenTech Hotels Stain remover for laundry [20 L],E11-Stain remover for laundry,323.03,Predicción Volumétrica (16.15 SAR/L)
WAYAKIT GreenTech Hotels Stain remover for laundry [Box of 12 units 700 mL],E11-Stain remover for laundry,76.48,Predicción Volumétrica (9.10 SAR/L)
"WAYAKIT GreenTech Hotels Fabric refresher for linen, towels, curtains, mattresses and upholstery [700 mL]","E11-Fabric refresher for linen, towels, curtains, mattresses and upholstery",12.81,Predicción Volumétrica (18.30 SAR/L)
"WAYAKIT GreenTech Hotels Fabric refresher for linen, towels, curtains, mattresses and upholstery [4 L]","E11-Fabric refresher for linen, towels, curtains, mattresses and upholstery",43.85,Predicción Volumétrica (10.96 SAR/L)
"WAYAKIT GreenTech Hotels Fabric refresher for linen, towels, curtains, mattresses and upholstery [20 L]","E11-Fabric refresher for linen, towels, curtains, mattresses and upholstery",323.03,Predicción Volumétrica (16.15 SAR/L)
"WAYAKIT GreenTech Hotels Fabric refresher for linen, towels, curtains, mattresses and upholstery [Box of 12 units 700 mL]","E11-Fabric refresher for linen, towels, curtains, mattresses and upholstery",76.48,Predicción Volumétrica (9.10 SAR/L)
WAYAKIT GreenTech Hotels Broad-spectrum disinfectant for spas and salons equipment [700 mL],E13-Broad-spectrum disinfectant for spas and salons equipment,12.81,Predicción Volumétrica (18.30 SAR/L)
WAYAKIT GreenTech Hotels Broad-spectrum disinfectant for spas and salons equipment [4 L],E13-Broad-spectrum disinfectant for spas and salons equipment,30.8,Predicción Volumétrica (7.70 SAR/L)
WAYAKIT GreenTech Hotels Broad-spectrum disinfectant for spas and salons equipment [20 L],E13-Broad-spectrum disinfectant for spas and salons equipment,323.03,Predicción Volumétrica (16.15 SAR/L)
WAYAKIT GreenTech Hotels Broad-spectrum disinfectant for spas and salons equipment [Box of 12 units 700 mL],E13-Broad-spectrum disinfectant for spas and salons equipment,76.48,Predicción Volumétrica (9.10 SAR/L)
WAYAKIT GreenTech Hotels Non-slip floor cleaner for gym floors and exercise areas [700 mL],E14-Non-slip floor cleaner for gym floors and exercise areas,12.81,Predicción Volumétrica (18.30 SAR/L)
WAYAKIT GreenTech Hotels Non-slip floor cleaner for gym floors and exercise areas [4 L],E14-Non-slip floor cleaner for gym floors and exercise areas,60.38,Predicción Volumétrica (15.09 SAR/L)
WAYAKIT GreenTech Hotels Non-slip floor cleaner for gym floors and exercise areas [20 L],E14-Non-slip floor cleaner for gym floors and exercise areas,323.03,Predicción Volumétrica (16.15 SAR/L)
WAYAKIT GreenTech Hotels Non-slip floor cleaner for gym floors and exercise areas [Box of 12 units 700 mL],E14-Non-slip floor cleaner for gym floors and exercise areas,79.71,Predicción Volumétrica (9.49 SAR/L)
"WAYAKIT GreenTech Hotels Disinfectant spray for gym equipment, yoga mats and exercise mats [700 mL]","E14-Disinfectant spray for gym equipment, yoga mats and exercise mats",12.81,Predicción Volumétrica (18.30 SAR/L)
"WAYAKIT GreenTech Hotels Disinfectant spray for gym equipment, yoga mats and exercise mats [4 L]","E14-Disinfectant spray for gym equipment, yoga mats and exercise mats",43.85,Predicción Volumétrica (10.96 SAR/L)
"WAYAKIT GreenTech Hotels Disinfectant spray for gym equipment, yoga mats and exercise mats [20 L]","E14-Disinfectant spray for gym equipment, yoga mats and exercise mats",323.03,Predicción Volumétrica (16.15 SAR/L)
"WAYAKIT GreenTech Hotels Disinfectant spray for gym equipment, yoga mats and exercise mats [Box of 12 units 700 mL]","E14-Disinfectant spray for gym equipment, yoga mats and exercise mats",76.48,Predicción Volumétrica (9.10 SAR/L)
WAYAKIT GreenTech Healthcare Wood furniture cleaner [700 mL],O1-Wood furniture cleaner,12.81,Predicción Volumétrica (18.30 SAR/L)
WAYAKIT GreenTech Healthcare Wood furniture cleaner [4 L],O1-Wood furniture cleaner,43.85,Predicción Volumétrica (10.96 SAR/L)
WAYAKIT GreenTech Healthcare Wood furniture cleaner [20 L],O1-Wood furniture cleaner,323.03,Predicción Volumétrica (16.15 SAR/L)
WAYAKIT GreenTech Healthcare Wood furniture cleaner [Box of 12 units 700 mL],O1-Wood furniture cleaner,76.48,Predicción Volumétrica (9.10 SAR/L)
WAYAKIT GreenTech Healthcare General hard floor cleaner [700 mL],O2-General hard floor cleaner,12.81,Predicción Volumétrica (18.30 SAR/L)
WAYAKIT GreenTech Healthcare General hard floor cleaner [4 L],O2-General hard floor cleaner,43.85,Predicción Volumétrica (10.96 SAR/L)
WAYAKIT GreenTech Healthcare General hard floor cleaner [20 L],O2-General hard floor cleaner,323.03,Predicción Volumétrica (16.15 SAR/L)
WAYAKIT GreenTech Healthcare General hard floor cleaner [Box of 12 units 700 mL],O2-General hard floor cleaner,76.48,Predicción Volumétrica (9.10 SAR/L)
"WAYAKIT GreenTech Healthcare Broad-spectrum disinfectant for surfaces, mattress and touchpoints [700 mL]","O3-Broad-spectrum disinfectant for surfaces, mattress and touchpoints",12.81,Predicción Volumétrica (18.30 SAR/L)
"WAYAKIT GreenTech Healthcare Broad-spectrum disinfectant for surfaces, mattress and touchpoints [4 L]","O3-Broad-spectrum disinfectant for surfaces, mattress and touchpoints",43.85,Predicción Volumétrica (10.96 SAR/L)
"WAYAKIT GreenTech Healthcare Broad-spectrum disinfectant for surfaces, mattress and touchpoints [20 L]","O3-Broad-spectrum disinfectant for surfaces, mattress and touchpoints",323.03,Predicción Volumétrica (16.15 SAR/L)
"WAYAKIT GreenTech Healthcare Broad-spectrum disinfectant for surfaces, mattress and touchpoints [Box of 12 units 700 mL]","O3-Broad-spectrum disinfectant for surfaces, mattress and touchpoints",76.48,Predicción Volumétrica (9.10 SAR/L)
WAYAKIT GreenTech Healthcare Streak-free glass cleaner for large window areas [700 mL],O5-Streak-free glass cleaner for large window areas,12.81,Predicción Volumétrica (18.30 SAR/L)
WAYAKIT GreenTech Healthcare Streak-free glass cleaner for large window areas [4 L],O5-Streak-free glass cleaner for large window areas,43.85,Predicción Volumétrica (10.96 SAR/L)
WAYAKIT GreenTech Healthcare Streak-free glass cleaner for large window areas [20 L],O5-Streak-free glass cleaner for large window areas,323.03,Predicción Volumétrica (16.15 SAR/L)
WAYAKIT GreenTech Healthcare Streak-free glass cleaner for large window areas [Box of 12 units 700 mL],O5-Streak-free glass cleaner for large window areas,76.48,Predicción Volumétrica (9.10 SAR/L)
"WAYAKIT GreenTech Industrial Facilities Heavy-duty multi-surface cleaner machinery, workbenches, and industrial equipment [700 mL]","U1-Heavy-duty multi-surface cleaner machinery, workbenches, and industrial equipment",12.81,Predicción Volumétrica (18.30 SAR/L)
"WAYAKIT GreenTech Industrial Facilities Heavy-duty multi-surface cleaner machinery, workbenches, and industrial equipment [4 L]","U1-Heavy-duty multi-surface cleaner machinery, workbenches, and industrial equipment",43.85,Predicción Volumétrica (10.96 SAR/L)
"WAYAKIT GreenTech Industrial Facilities Heavy-duty multi-surface cleaner machinery, workbenches, and industrial equipment [20 L]","U1-Heavy-duty multi-surface cleaner machinery, workbenches, and industrial equipment",323.03,Predicción Volumétrica (16.15 SAR/L)
"WAYAKIT GreenTech Industrial Facilities Heavy-duty multi-surface cleaner machinery, workbenches, and industrial equipment [Box of 12 units 700 mL]","U1-Heavy-duty multi-surface cleaner machinery, workbenches, and industrial equipment",76.48,Predicción Volumétrica (9.10 SAR/L)
WAYAKIT GreenTech Industrial Facilities Wood furniture cleaner [700 mL],U1-Wood furniture cleaner,12.81,Predicción Volumétrica (18.30 SAR/L)
WAYAKIT GreenTech Industrial Facilities Wood furniture cleaner [4 L],U1-Wood furniture cleaner,43.85,Predicción Volumétrica (10.96 SAR/L)
WAYAKIT GreenTech Industrial Facilities Wood furniture cleaner [20 L],U1-Wood furniture cleaner,323.03,Predicción Volumétrica (16.15 SAR/L)
WAYAKIT GreenTech Industrial Facilities Wood furniture cleaner [Box of 12 units 700 mL],U1-Wood furniture cleaner,76.48,Predicción Volumétrica (9.10 SAR/L)
WAYAKIT GreenTech Industrial Facilities General hard floor cleaner [700 mL],U2-General hard floor cleaner,12.81,Predicción Volumétrica (18.30 SAR/L)
WAYAKIT GreenTech Industrial Facilities General hard floor cleaner [4 L],U2-General hard floor cleaner,59.32,Predicción Volumétrica (14.83 SAR/L)
WAYAKIT GreenTech Industrial Facilities General hard floor cleaner [20 L],U2-General hard floor cleaner,323.03,Predicción Volumétrica (16.15 SAR/L)
WAYAKIT GreenTech Industrial Facilities General hard floor cleaner [Box of 12 units 700 mL],U2-General hard floor cleaner,76.48,Predicción Volumétrica (9.10 SAR/L)
WAYAKIT GreenTech Industrial Facilities Hardwood and laminate floor cleaner [700 mL],U2-Hardwood and laminate floor cleaner,12.81,Predicción Volumétrica (18.30 SAR/L)
WAYAKIT GreenTech Industrial Facilities Hardwood and laminate floor cleaner [4 L],U2-Hardwood and laminate floor cleaner,43.85,Predicción Volumétrica (10.96 SAR/L)
WAYAKIT GreenTech Industrial Facilities Hardwood and laminate floor cleaner [20 L],U2-Hardwood and laminate floor cleaner,323.03,Predicción Volumétrica (16.15 SAR/L)
WAYAKIT GreenTech Industrial Facilities Hardwood and laminate floor cleaner [Box of 12 units 700 mL],U2-Hardwood and laminate floor cleaner,76.48,Predicción Volumétrica (9.10 SAR/L)
WAYAKIT GreenTech Industrial Facilities High performance carpet shampoo [700 mL],U2-High performance carpet shampoo,12.81,Predicción Volumétrica (18.30 SAR/L)
WAYAKIT GreenTech Industrial Facilities High performance carpet shampoo [4 L],U2-High performance carpet shampoo,43.85,Predicción Volumétrica (10.96 SAR/L)
WAYAKIT GreenTech Industrial Facilities High performance carpet shampoo [20 L],U2-High performance carpet shampoo,323.03,Predicción Volumétrica (16.15 SAR/L)
WAYAKIT GreenTech Industrial Facilities High performance carpet shampoo [Box of 12 units 700 mL],U2-High performance carpet shampoo,76.48,Predicción Volumétrica (9.10 SAR/L)
WAYAKIT GreenTech Industrial Facilities Stain spot remover [700 mL],U2-Stain spot remover,12.81,Predicción Volumétrica (18.30 SAR/L)
WAYAKIT GreenTech Industrial Facilities Stain spot remover [4 L],U2-Stain spot remover,43.85,Predicción Volumétrica (10.96 SAR/L)
WAYAKIT GreenTech Industrial Facilities Stain spot remover [20 L],U2-Stain spot remover,323.03,Predicción Volumétrica (16.15 SAR/L)
WAYAKIT GreenTech Industrial Facilities Stain spot remover [Box of 12 units 700 mL],U2-Stain spot remover,76.48,Predicción Volumétrica (9.10 SAR/L)
WAYAKIT GreenTech Industrial Facilities Streak-free glass cleaner for large window areas [700 mL],U3-Streak-free glass cleaner for large window areas,14.9,Predicción Volumétrica (21.28 SAR/L)
WAYAKIT GreenTech Industrial Facilities Streak-free glass cleaner for large window areas [4 L],U3-Streak-free glass cleaner for large window areas,43.85,Predicción Volumétrica (10.96 SAR/L)
WAYAKIT GreenTech Industrial Facilities Streak-free glass cleaner for large window areas [20 L],U3-Streak-free glass cleaner for large window areas,323.03,Predicción Volumétrica (16.15 SAR/L)
WAYAKIT GreenTech Industrial Facilities Streak-free glass cleaner for large window areas [Box of 12 units 700 mL],U3-Streak-free glass cleaner for large window areas,75.02,Predicción Volumétrica (8.93 SAR/L)
WAYAKIT GreenTech Industrial Facilities Broad-spectrum disinfectants for sanitizing work areas and break rooms  [700 mL],U4-Broad-spectrum disinfectants for sanitizing work areas and break rooms ,12.81,Predicción Volumétrica (18.30 SAR/L)
WAYAKIT GreenTech Industrial Facilities Broad-spectrum disinfectants for sanitizing work areas and break rooms  [4 L],U4-Broad-spectrum disinfectants for sanitizing work areas and break rooms ,31.12,Predicción Volumétrica (7.78 SAR/L)
WAYAKIT GreenTech Industrial Facilities Broad-spectrum disinfectants for sanitizing work areas and break rooms  [20 L],U4-Broad-spectrum disinfectants for sanitizing work areas and break rooms ,278.27,Predicción Volumétrica (13.91 SAR/L)
WAYAKIT GreenTech Industrial Facilities Broad-spectrum disinfectants for sanitizing work areas and break rooms  [Box of 12 units 700 mL],U4-Broad-spectrum disinfectants for sanitizing work areas and break rooms ,76.48,Predicción Volumétrica (9.10 SAR/L)
WAYAKIT GreenTech Industrial Facilities Restroom air freshener [700 mL],U5-Restroom air freshener,12.81,Predicción Volumétrica (18.30 SAR/L)
WAYAKIT GreenTech Industrial Facilities Restroom air freshener [4 L],U5-Restroom air freshener,43.85,Predicción Volumétrica (10.96 SAR/L)
WAYAKIT GreenTech Industrial Facilities Restroom air freshener [20 L],U5-Restroom air freshener,323.03,Predicción Volumétrica (16.15 SAR/L)
WAYAKIT GreenTech Industrial Facilities Restroom air freshener [Box of 12 units 700 mL],U5-Restroom air freshener,76.48,Predicción Volumétrica (9.10 SAR/L)
WAYAKIT GreenTech Industrial Facilities Shower and tile cleaner [700 mL],U5-Shower and tile cleaner,12.81,Predicción Volumétrica (18.30 SAR/L)
WAYAKIT GreenTech Industrial Facilities Shower and tile cleaner [4 L],U5-Shower and tile cleaner,43.85,Predicción Volumétrica (10.96 SAR/L)
WAYAKIT GreenTech Industrial Facilities Shower and tile cleaner [20 L],U5-Shower and tile cleaner,323.03,Predicción Volumétrica (16.15 SAR/L)
WAYAKIT GreenTech Industrial Facilities Shower and tile cleaner [Box of 12 units 700 mL],U5-Shower and tile cleaner,76.48,Predicción Volumétrica (9.10 SAR/L)
WAYAKIT GreenTech Industrial Facilities Heavy-duty degreaser for machinery and equipment [700 mL],U6-Heavy-duty degreaser for machinery and equipment,12.81,Predicción Volumétrica (18.30 SAR/L)
WAYAKIT GreenTech Industrial Facilities Heavy-duty degreaser for machinery and equipment [4 L],U6-Heavy-duty degreaser for machinery and equipment,43.85,Predicción Volumétrica (10.96 SAR/L)
WAYAKIT GreenTech Industrial Facilities Heavy-duty degreaser for machinery and equipment [20 L],U6-Heavy-duty degreaser for machinery and equipment,323.03,Predicción Volumétrica (16.15 SAR/L)
WAYAKIT GreenTech Industrial Facilities Heavy-duty degreaser for machinery and equipment [Box of 12 units 700 mL],U6-Heavy-duty degreaser for machinery and equipment,76.48,Predicción Volumétrica (9.10 SAR/L)
WAYAKIT GreenTech Industrial Facilities Stainless steel polish [700 mL],U6-Stainless steel polish,12.81,Predicción Volumétrica (18.30 SAR/L)
WAYAKIT GreenTech Industrial Facilities Stainless steel polish [4 L],U6-Stainless steel polish,43.85,Predicción Volumétrica (10.96 SAR/L)
WAYAKIT GreenTech Industrial Facilities Stainless steel polish [20 L],U6-Stainless steel polish,323.03,Predicción Volumétrica (16.15 SAR/L)
WAYAKIT GreenTech Industrial Facilities Stainless steel polish [Box of 12 units 700 mL],U6-Stainless steel polish,76.48,Predicción Volumétrica (9.10 SAR/L)
WAYAKIT GreenTech Industrial Facilities Degreaser for food service areas [700 mL],U8-Degreaser for food service areas,12.81,Predicción Volumétrica (18.30 SAR/L)
WAYAKIT GreenTech Industrial Facilities Degreaser for food service areas [4 L],U8-Degreaser for food service areas,43.85,Predicción Volumétrica (10.96 SAR/L)
WAYAKIT GreenTech Industrial Facilities Degreaser for food service areas [20 L],U8-Degreaser for food service areas,323.03,Predicción Volumétrica (16.15 SAR/L)
WAYAKIT GreenTech Industrial Facilities Degreaser for food service areas [Box of 12 units 700 mL],U8-Degreaser for food service areas,76.48,Predicción Volumétrica (9.10 SAR/L)
WAYAKIT GreenTech Industrial Facilities Food-safe surface sanitizers [700 mL],U8-Food-safe surface sanitizers,12.81,Predicción Volumétrica (18.30 SAR/L)
WAYAKIT GreenTech Industrial Facilities Food-safe surface sanitizers [4 L],U8-Food-safe surface sanitizers,43.85,Predicción Volumétrica (10.96 SAR/L)
WAYAKIT GreenTech Industrial Facilities Food-safe surface sanitizers [20 L],U8-Food-safe surface sanitizers,323.03,Predicción Volumétrica (16.15 SAR/L)
WAYAKIT GreenTech Industrial Facilities Food-safe surface sanitizers [Box of 12 units 700 mL],U8-Food-safe surface sanitizers,76.48,Predicción Volumétrica (9.10 SAR/L)
WAYAKIT GreenTech Industrial Facilities Grill cleaner [700 mL],U8-Grill cleaner,12.81,Predicción Volumétrica (18.30 SAR/L)
WAYAKIT GreenTech Industrial Facilities Grill cleaner [4 L],U8-Grill cleaner,43.85,Predicción Volumétrica (10.96 SAR/L)
WAYAKIT GreenTech Industrial Facilities Grill cleaner [20 L],U8-Grill cleaner,323.03,Predicción Volumétrica (16.15 SAR/L)
WAYAKIT GreenTech Industrial Facilities Grill cleaner [Box of 12 units 700 mL],U8-Grill cleaner,76.48,Predicción Volumétrica (9.10 SAR/L)
WAYAKIT GreenTech Industrial Facilities Oven and appliance cleaner [700 mL],U8-Oven and appliance cleaner,12.81,Predicción Volumétrica (18.30 SAR/L)
WAYAKIT GreenTech Industrial Facilities Oven and appliance cleaner [4 L],U8-Oven and appliance cleaner,43.85,Predicción Volumétrica (10.96 SAR/L)
WAYAKIT GreenTech Industrial Facilities Oven and appliance cleaner [20 L],U8-Oven and appliance cleaner,323.03,Predicción Volumétrica (16.15 SAR/L)
WAYAKIT GreenTech Industrial Facilities Oven and appliance cleaner [Box of 12 units 700 mL],U8-Oven and appliance cleaner,76.48,Predicción Volumétrica (9.10 SAR/L)
WAYAKIT GreenTech Industrial Facilities Air freshener [700 mL],U10-Air freshener,12.81,Predicción Volumétrica (18.30 SAR/L)
WAYAKIT GreenTech Industrial Facilities Air freshener [4 L],U10-Air freshener,43.85,Predicción Volumétrica (10.96 SAR/L)
WAYAKIT GreenTech Industrial Facilities Air freshener [20 L],U10-Air freshener,323.03,Predicción Volumétrica (16.15 SAR/L)
WAYAKIT GreenTech Industrial Facilities Air freshener [Box of 12 units 700 mL],U10-Air freshener,76.48,Predicción Volumétrica (9.10 SAR/L)
WAYAKIT GreenTech Industrial Facilities HVAC system cleaner [700 mL],U14-HVAC system cleaner,12.81,Predicción Volumétrica (18.30 SAR/L)
WAYAKIT GreenTech Industrial Facilities HVAC system cleaner [4 L],U14-HVAC system cleaner,43.85,Predicción Volumétrica (10.96 SAR/L)
WAYAKIT GreenTech Industrial Facilities HVAC system cleaner [20 L],U14-HVAC system cleaner,323.03,Predicción Volumétrica (16.15 SAR/L)
WAYAKIT GreenTech Industrial Facilities HVAC system cleaner [Box of 12 units 700 mL],U14-HVAC system cleaner,76.48,Predicción Volumétrica (9.10 SAR/L)
WAYAKIT GreenTech Industrial Facilities Fabric refresher [700 mL],U16-Fabric refresher,12.81,Predicción Volumétrica (18.30 SAR/L)
WAYAKIT GreenTech Industrial Facilities Fabric refresher [4 L],U16-Fabric refresher,43.85,Predicción Volumétrica (10.96 SAR/L)
WAYAKIT GreenTech Industrial Facilities Fabric refresher [20 L],U16-Fabric refresher,323.03,Predicción Volumétrica (16.15 SAR/L)
WAYAKIT GreenTech Industrial Facilities Fabric refresher [Box of 12 units 700 mL],U16-Fabric refresher,76.48,Predicción Volumétrica (9.10 SAR/L)
WAYAKIT GreenTech FM Leather cleaner [700 mL],F1-FM leather cleaner,12.81,Predicción Volumétrica (18.30 SAR/L)
WAYAKIT GreenTech FM Leather cleaner [4 L],F1-FM leather cleaner,43.85,Predicción Volumétrica (10.96 SAR/L)
WAYAKIT GreenTech FM Leather cleaner [20 L],F1-FM leather cleaner,323.03,Predicción Volumétrica (16.15 SAR/L)
WAYAKIT GreenTech FM Leather cleaner [Box of 12 units 700 mL],F1-FM leather cleaner,76.48,Predicción Volumétrica (9.10 SAR/L)
